seed,fold,generation,best_fitness,mean_fitness,unique,best_rule
0,0,0,0.3582903736246159,-0.5206493016056618,60,ENTRY trend(20) < 0.070 | EXIT zscore(100) < -0.32
0,0,1,0.37060801179430447,-0.0037603687913722187,58,ENTRY mom(20) < 0.054 | EXIT NOT vol(10) < 0.41
0,0,2,0.4308862917074292,-0.02701188694533795,57,ENTRY zscore(20) < -1.09 | EXIT NOT vol(10) < 0.41
0,0,3,0.4308862917074292,0.1219415036319344,55,ENTRY zscore(20) < -1.09 | EXIT NOT vol(10) < 0.41
0,0,4,0.4646866512779199,0.0940518428680815,53,ENTRY zscore(20) < -1.09 | EXIT (vol(10) > 0.34 AND zscore(50) > -1.61)
0,0,5,0.477163304949409,0.23643564116164845,56,ENTRY zscore(20) < -1.66 | EXIT (vol(10) > 0.34 AND zscore(50) > -1.61)
0,0,6,0.477163304949409,0.1100027547994909,53,ENTRY zscore(20) < -1.66 | EXIT (vol(10) > 0.34 AND zscore(50) > -1.61)
0,0,7,0.477163304949409,0.04027457279042168,57,ENTRY zscore(20) < -1.66 | EXIT (vol(10) > 0.34 AND zscore(50) > -1.61)
0,0,8,0.48099632293348166,0.07222638886812559,57,ENTRY zscore(20) < -1.09 | EXIT (vol(20) > 0.34 AND zscore(50) > -1.61)
0,0,9,0.4985679816143089,0.21468307512337928,58,ENTRY mom(20) < 0.026 | EXIT (vol(10) > 0.30 AND zscore(50) > -2.00)
0,0,10,0.4985679816143089,0.2152147536626945,57,ENTRY mom(20) < 0.026 | EXIT (vol(10) > 0.30 AND zscore(50) > -2.00)
0,0,11,0.5447846221499194,0.2049217243117847,57,ENTRY mom(20) < 0.026 | EXIT (vol(10) > 0.30 AND rsi(5) > 28.4)
0,0,12,0.5447846221499194,0.28560929371667765,60,ENTRY mom(20) < 0.026 | EXIT (vol(10) > 0.30 AND rsi(5) > 28.4)
0,0,13,0.5447846221499194,0.2927285928966772,58,ENTRY mom(20) < 0.026 | EXIT (vol(10) > 0.30 AND rsi(5) > 28.4)
0,0,14,0.5714886077075703,0.23401304329969716,59,ENTRY zscore(20) < -1.12 | EXIT (vol(10) > 0.30 AND rsi(5) > 28.4)
0,0,15,0.5714886077075703,0.3251283020207446,58,ENTRY zscore(20) < -1.12 | EXIT (vol(10) > 0.30 AND rsi(5) > 28.4)
0,0,16,0.5799058251025906,0.3443022109911304,54,ENTRY zscore(10) < -0.38 | EXIT (vol(10) > 0.30 AND rsi(5) > 28.4)
0,0,17,0.5799058251025906,0.1371472722310841,57,ENTRY zscore(10) < -0.38 | EXIT (vol(10) > 0.30 AND rsi(5) > 28.4)
0,0,18,0.5799058251025906,0.32427491278478215,53,ENTRY zscore(10) < -0.38 | EXIT (vol(10) > 0.30 AND rsi(5) > 28.4)
0,0,19,0.5799058251025906,0.2578044650238651,54,ENTRY zscore(10) < -0.38 | EXIT (vol(10) > 0.30 AND rsi(5) > 28.4)
0,0,20,0.5799058251025906,0.23181544873673615,49,ENTRY zscore(10) < -0.38 | EXIT (vol(10) > 0.30 AND rsi(5) > 28.4)
0,0,21,0.5799058251025906,0.2660148519016337,46,ENTRY zscore(10) < -0.38 | EXIT (vol(10) > 0.30 AND rsi(5) > 28.4)
0,0,22,0.5915843136028706,0.2718644658239492,49,ENTRY zscore(10) < -0.38 | EXIT (vol(10) > 0.30 AND rsi(5) > 33.0)
0,0,23,0.5915843136028706,0.3309747535438042,50,ENTRY zscore(10) < -0.38 | EXIT (vol(10) > 0.30 AND rsi(5) > 33.0)
0,0,24,0.5943044326993925,0.39805820940133996,47,ENTRY zscore(10) < -0.38 | EXIT (vol(10) > 0.30 AND rsi(5) > 32.8)
0,1,0,0.6333009222541435,-0.3777200697995111,60,ENTRY zscore(10) < -0.38 | EXIT (vol(10) > 0.30 AND rsi(5) > 32.8)
0,1,1,0.6333009222541435,0.13211874026721054,58,ENTRY zscore(10) < -0.38 | EXIT (vol(10) > 0.30 AND rsi(5) > 32.8)
0,1,2,0.6535866365969966,0.16344893580509876,51,ENTRY zscore(50) < -1.21 | EXIT (vol(10) > 0.30 AND rsi(5) > 33.0)
0,1,3,0.6535866365969966,0.30760295154324896,52,ENTRY zscore(50) < -1.21 | EXIT (vol(10) > 0.30 AND rsi(5) > 33.0)
0,1,4,0.6535866365969966,0.40608133054694273,56,ENTRY zscore(50) < -1.21 | EXIT (vol(10) > 0.30 AND rsi(5) > 33.0)
0,1,5,0.6535866365969966,0.30370162841147635,57,ENTRY zscore(50) < -1.21 | EXIT (vol(10) > 0.30 AND rsi(5) > 33.0)
0,1,6,0.658927293040148,0.3439802237051266,58,ENTRY zscore(50) < -1.28 | EXIT (vol(10) > 0.30 AND rsi(5) > 33.0)
0,1,7,0.658927293040148,0.3811416214894672,60,ENTRY zscore(50) < -1.28 | EXIT (vol(10) > 0.30 AND rsi(5) > 33.0)
0,1,8,0.658927293040148,0.36640610626200665,58,ENTRY zscore(50) < -1.28 | EXIT (vol(10) > 0.30 AND rsi(5) > 33.0)
0,1,9,0.658927293040148,0.3867585611395036,53,ENTRY zscore(50) < -1.28 | EXIT (vol(10) > 0.30 AND rsi(5) > 33.0)
0,1,10,0.6617329549424583,0.3358916990656327,54,ENTRY zscore(50) < -1.21 | EXIT (vol(20) > 0.30 AND rsi(5) > 33.0)
0,1,11,0.6617329549424583,0.41830653469960705,52,ENTRY zscore(50) < -1.21 | EXIT (vol(20) > 0.30 AND rsi(5) > 33.0)
0,1,12,0.6623710592833969,0.4747354591685802,51,ENTRY zscore(50) < -1.23 | EXIT (vol(10) > 0.30 AND rsi(5) > 32.8)
0,1,13,0.6637623385671116,0.3648196279339168,51,ENTRY zscore(50) < -1.23 | EXIT (vol(10) > 0.30 AND rsi(5) > 33.0)
0,1,14,0.6637623385671116,0.4377444925084391,57,ENTRY zscore(50) < -1.23 | EXIT (vol(10) > 0.30 AND rsi(5) > 33.0)
0,1,15,0.6637623385671116,0.40181915646041033,57,ENTRY zscore(50) < -1.23 | EXIT (vol(10) > 0.30 AND rsi(5) > 33.0)
0,1,16,0.6637623385671116,0.4447609942034168,56,ENTRY zscore(50) < -1.23 | EXIT (vol(10) > 0.30 AND rsi(5) > 33.0)
0,1,17,0.6637623385671116,0.2011189520730167,58,ENTRY zscore(50) < -1.23 | EXIT (vol(10) > 0.30 AND rsi(5) > 33.0)
0,1,18,0.6637623385671116,0.3977454274468883,57,ENTRY zscore(50) < -1.23 | EXIT (vol(10) > 0.30 AND rsi(5) > 33.0)
0,1,19,0.6637623385671116,0.352414210411843,56,ENTRY zscore(50) < -1.23 | EXIT (vol(10) > 0.30 AND rsi(5) > 33.0)
0,1,20,0.6637623385671116,0.28904476430268333,55,ENTRY zscore(50) < -1.23 | EXIT (vol(10) > 0.30 AND rsi(5) > 33.0)
0,1,21,0.6637623385671116,0.32822589041813083,53,ENTRY zscore(50) < -1.23 | EXIT (vol(10) > 0.30 AND rsi(5) > 33.0)
0,1,22,0.6655148317686903,0.24241255615878893,55,ENTRY zscore(50) < -1.23 | EXIT (vol(10) > 0.30 AND rsi(5) > 32.2)
0,1,23,0.6655148317686903,0.2726088237862162,58,ENTRY zscore(50) < -1.23 | EXIT (vol(10) > 0.30 AND rsi(5) > 32.2)
0,1,24,0.6655148317686903,0.3976195574870418,52,ENTRY zscore(50) < -1.23 | EXIT (vol(10) > 0.30 AND rsi(5) > 32.2)
0,2,0,0.6138197340728321,-0.3996768667026396,60,ENTRY zscore(50) < -1.19 | EXIT (vol(20) > 0.30 AND rsi(5) > 32.8)
0,2,1,0.6138197340728321,0.018390929429212662,60,ENTRY zscore(50) < -1.19 | EXIT (vol(20) > 0.30 AND rsi(5) > 32.8)
0,2,2,0.626539654749888,0.19615780520182477,59,ENTRY zscore(50) < -1.19 | EXIT (vol(20) > 0.26 AND rsi(5) > 32.8)
0,2,3,0.626539654749888,0.2514192611835628,59,ENTRY zscore(50) < -1.19 | EXIT (vol(20) > 0.26 AND rsi(5) > 32.8)
0,2,4,0.626539654749888,0.19722315838971405,59,ENTRY zscore(50) < -1.19 | EXIT (vol(20) > 0.26 AND rsi(5) > 32.8)
0,2,5,0.626539654749888,0.3066166691772207,60,ENTRY zscore(50) < -1.19 | EXIT (vol(20) > 0.26 AND rsi(5) > 32.8)
0,2,6,0.626539654749888,0.3284822092881516,58,ENTRY zscore(50) < -1.19 | EXIT (vol(20) > 0.26 AND rsi(5) > 32.8)
0,2,7,0.626539654749888,0.3452256862817496,58,ENTRY zscore(50) < -1.19 | EXIT (vol(20) > 0.26 AND rsi(5) > 32.8)
0,2,8,0.626539654749888,0.40954641011660053,56,ENTRY zscore(50) < -1.19 | EXIT (vol(20) > 0.26 AND rsi(5) > 32.8)
0,2,9,0.626539654749888,0.4058984666341502,55,ENTRY zscore(50) < -1.19 | EXIT (vol(20) > 0.26 AND rsi(5) > 32.8)
0,2,10,0.626539654749888,0.3287286101797493,52,ENTRY zscore(50) < -1.19 | EXIT (vol(20) > 0.26 AND rsi(5) > 32.8)
0,2,11,0.626539654749888,0.24433999616376384,54,ENTRY zscore(50) < -1.19 | EXIT (vol(20) > 0.26 AND rsi(5) > 32.8)
0,2,12,0.626539654749888,0.40552163371075867,51,ENTRY zscore(50) < -1.19 | EXIT (vol(20) > 0.26 AND rsi(5) > 32.8)
0,2,13,0.626539654749888,0.3175854058373218,50,ENTRY zscore(50) < -1.19 | EXIT (vol(20) > 0.26 AND rsi(5) > 32.8)
0,2,14,0.626539654749888,0.39779534120143134,48,ENTRY zscore(50) < -1.19 | EXIT (vol(20) > 0.26 AND rsi(5) > 32.8)
0,2,15,0.626539654749888,0.30037475976512423,51,ENTRY zscore(50) < -1.19 | EXIT (vol(20) > 0.26 AND rsi(5) > 32.8)
0,2,16,0.626539654749888,0.38929829419275586,53,ENTRY zscore(50) < -1.19 | EXIT (vol(20) > 0.26 AND rsi(5) > 32.8)
0,2,17,0.626539654749888,0.317782071681138,53,ENTRY zscore(50) < -1.19 | EXIT (vol(20) > 0.26 AND rsi(5) > 32.8)
0,2,18,0.626539654749888,0.3448260120323801,47,ENTRY zscore(50) < -1.19 | EXIT (vol(20) > 0.26 AND rsi(5) > 32.8)
0,2,19,0.626539654749888,0.36148283331624836,49,ENTRY zscore(50) < -1.19 | EXIT (vol(20) > 0.26 AND rsi(5) > 32.8)
0,2,20,0.626539654749888,0.21045737498001185,53,ENTRY zscore(50) < -1.19 | EXIT (vol(20) > 0.26 AND rsi(5) > 32.8)
0,2,21,0.626539654749888,0.3652163859476077,47,ENTRY zscore(50) < -1.19 | EXIT (vol(20) > 0.26 AND rsi(5) > 32.8)
0,2,22,0.6267017461721675,0.23351563517525004,50,ENTRY zscore(50) < -1.19 | EXIT (vol(20) > 0.26 AND rsi(5) > 32.2)
0,2,23,0.6267017461721675,0.3032094178996331,54,ENTRY zscore(50) < -1.19 | EXIT (vol(20) > 0.26 AND rsi(5) > 32.2)
0,2,24,0.6267017461721675,0.24331072854266667,49,ENTRY zscore(50) < -1.19 | EXIT (vol(20) > 0.26 AND rsi(5) > 32.2)
0,3,0,0.6397523242013987,-0.38373284330348273,60,ENTRY zscore(50) < -1.19 | EXIT (vol(20) > 0.26 AND rsi(5) > 32.2)
0,3,1,0.6397523242013987,0.02488308975833448,59,ENTRY zscore(50) < -1.19 | EXIT (vol(20) > 0.26 AND rsi(5) > 32.2)
0,3,2,0.6397523242013987,0.2197042276236395,55,ENTRY zscore(50) < -1.19 | EXIT (vol(20) > 0.26 AND rsi(5) > 32.2)
0,3,3,0.6397523242013987,0.26967755338944976,55,ENTRY zscore(50) < -1.19 | EXIT (vol(20) > 0.26 AND rsi(5) > 32.2)
0,3,4,0.6397523242013987,0.351441333440199,55,ENTRY zscore(50) < -1.19 | EXIT (vol(20) > 0.26 AND rsi(5) > 32.2)
0,3,5,0.6397523242013987,0.2958244123228134,49,ENTRY zscore(50) < -1.19 | EXIT (vol(20) > 0.26 AND rsi(5) > 32.2)
0,3,6,0.6397523242013987,0.32087855760289075,51,ENTRY zscore(50) < -1.19 | EXIT (vol(20) > 0.26 AND rsi(5) > 32.2)
0,3,7,0.6397523242013987,0.3143626610440352,53,ENTRY zscore(50) < -1.19 | EXIT (vol(20) > 0.26 AND rsi(5) > 32.2)
0,3,8,0.6397523242013987,0.43831228986120346,53,ENTRY zscore(50) < -1.19 | EXIT (vol(20) > 0.26 AND rsi(5) > 32.2)
0,3,9,0.6397523242013987,0.4181590508677837,47,ENTRY zscore(50) < -1.19 | EXIT (vol(20) > 0.26 AND rsi(5) > 32.2)
0,3,10,0.6397523242013987,0.4354020213365782,46,ENTRY zscore(50) < -1.19 | EXIT (vol(20) > 0.26 AND rsi(5) > 32.2)
0,3,11,0.6397523242013987,0.3627228274580109,48,ENTRY zscore(50) < -1.19 | EXIT (vol(20) > 0.26 AND rsi(5) > 32.2)
0,3,12,0.6397523242013987,0.3042102305312758,51,ENTRY zscore(50) < -1.19 | EXIT (vol(20) > 0.26 AND rsi(5) > 32.2)
0,3,13,0.6397523242013987,0.4081871497391904,49,ENTRY zscore(50) < -1.19 | EXIT (vol(20) > 0.26 AND rsi(5) > 32.2)
0,3,14,0.6397523242013987,0.4518908608394394,49,ENTRY zscore(50) < -1.19 | EXIT (vol(20) > 0.26 AND rsi(5) > 32.2)
0,3,15,0.6397523242013987,0.3981846950680579,45,ENTRY zscore(50) < -1.19 | EXIT (vol(20) > 0.26 AND rsi(5) > 32.2)
0,3,16,0.6397523242013987,0.4092024889577876,49,ENTRY zscore(50) < -1.19 | EXIT (vol(20) > 0.26 AND rsi(5) > 32.2)
0,3,17,0.6397523242013987,0.3399273031932528,45,ENTRY zscore(50) < -1.19 | EXIT (vol(20) > 0.26 AND rsi(5) > 32.2)
0,3,18,0.6397523242013987,0.33885720006201475,46,ENTRY zscore(50) < -1.19 | EXIT (vol(20) > 0.26 AND rsi(5) > 32.2)
0,3,19,0.6397523242013987,0.3115775315031514,46,ENTRY zscore(50) < -1.19 | EXIT (vol(20) > 0.26 AND rsi(5) > 32.2)
0,3,20,0.6397523242013987,0.24598093384274372,52,ENTRY zscore(50) < -1.19 | EXIT (vol(20) > 0.26 AND rsi(5) > 32.2)
0,3,21,0.6397523242013987,0.30161024007577114,49,ENTRY zscore(50) < -1.19 | EXIT (vol(20) > 0.26 AND rsi(5) > 32.2)
0,3,22,0.6397523242013987,0.3368126254060502,53,ENTRY zscore(50) < -1.19 | EXIT (vol(20) > 0.26 AND rsi(5) > 32.2)
0,3,23,0.6397523242013987,0.33911181838199234,50,ENTRY zscore(50) < -1.19 | EXIT (vol(20) > 0.26 AND rsi(5) > 32.2)
0,3,24,0.6397523242013987,0.41186581678840284,48,ENTRY zscore(50) < -1.19 | EXIT (vol(20) > 0.26 AND rsi(5) > 32.2)
0,4,0,0.583209329630196,-0.39687472679004177,60,ENTRY zscore(50) < -1.19 | EXIT (vol(20) > 0.26 AND rsi(5) > 32.2)
0,4,1,0.583209329630196,0.000798920030937548,58,ENTRY zscore(50) < -1.19 | EXIT (vol(20) > 0.26 AND rsi(5) > 32.2)
0,4,2,0.583209329630196,0.27643668524556875,56,ENTRY zscore(50) < -1.19 | EXIT (vol(20) > 0.26 AND rsi(5) > 32.2)
0,4,3,0.583209329630196,0.24314679186865715,53,ENTRY zscore(50) < -1.19 | EXIT (vol(20) > 0.26 AND rsi(5) > 32.2)
0,4,4,0.583209329630196,0.3126269444732601,50,ENTRY zscore(50) < -1.19 | EXIT (vol(20) > 0.26 AND rsi(5) > 32.2)
0,4,5,0.583209329630196,0.22237429953210086,53,ENTRY zscore(50) < -1.19 | EXIT (vol(20) > 0.26 AND rsi(5) > 32.2)
0,4,6,0.583209329630196,0.25065797581218524,55,ENTRY zscore(50) < -1.19 | EXIT (vol(20) > 0.26 AND rsi(5) > 32.2)
0,4,7,0.583209329630196,0.2589456499533641,53,ENTRY zscore(50) < -1.19 | EXIT (vol(20) > 0.26 AND rsi(5) > 32.2)
0,4,8,0.583209329630196,0.3516999025605314,55,ENTRY zscore(50) < -1.19 | EXIT (vol(20) > 0.26 AND rsi(5) > 32.2)
0,4,9,0.583209329630196,0.4006992582766972,51,ENTRY zscore(50) < -1.19 | EXIT (vol(20) > 0.26 AND rsi(5) > 32.2)
0,4,10,0.583209329630196,0.3481925455805675,46,ENTRY zscore(50) < -1.19 | EXIT (vol(20) > 0.26 AND rsi(5) > 32.2)
0,4,11,0.5907218115717981,0.3847218876293866,48,ENTRY zscore(50) < -1.19 | EXIT (vol(20) > 0.31 AND rsi(5) > 32.2)
0,4,12,0.5907218115717981,0.34512439986070115,51,ENTRY zscore(50) < -1.19 | EXIT (vol(20) > 0.31 AND rsi(5) > 32.2)
0,4,13,0.5907218115717981,0.3167016750193544,50,ENTRY zscore(50) < -1.19 | EXIT (vol(20) > 0.31 AND rsi(5) > 32.2)
0,4,14,0.5907218115717981,0.24803763750445287,52,ENTRY zscore(50) < -1.19 | EXIT (vol(20) > 0.31 AND rsi(5) > 32.2)
0,4,15,0.5907218115717981,0.34601909678024634,45,ENTRY zscore(50) < -1.19 | EXIT (vol(20) > 0.31 AND rsi(5) > 32.2)
0,4,16,0.5907218115717981,0.34229085117223634,48,ENTRY zscore(50) < -1.19 | EXIT (vol(20) > 0.31 AND rsi(5) > 32.2)
0,4,17,0.5907218115717981,0.40137411154699326,45,ENTRY zscore(50) < -1.19 | EXIT (vol(20) > 0.31 AND rsi(5) > 32.2)
0,4,18,0.5907218115717981,0.2720135425677164,43,ENTRY zscore(50) < -1.19 | EXIT (vol(20) > 0.31 AND rsi(5) > 32.2)
0,4,19,0.5907218115717981,0.2985867280237317,45,ENTRY zscore(50) < -1.19 | EXIT (vol(20) > 0.31 AND rsi(5) > 32.2)
0,4,20,0.5907218115717981,0.26942874550348617,46,ENTRY zscore(50) < -1.19 | EXIT (vol(20) > 0.31 AND rsi(5) > 32.2)
0,4,21,0.5907218115717981,0.3911675984505298,47,ENTRY zscore(50) < -1.19 | EXIT (vol(20) > 0.31 AND rsi(5) > 32.2)
0,4,22,0.5907218115717981,0.27159265603772126,47,ENTRY zscore(50) < -1.19 | EXIT (vol(20) > 0.31 AND rsi(5) > 32.2)
0,4,23,0.5907218115717981,0.2532102219844198,49,ENTRY zscore(50) < -1.19 | EXIT (vol(20) > 0.31 AND rsi(5) > 32.2)
0,4,24,0.5907218115717981,0.3526442560784034,48,ENTRY zscore(50) < -1.19 | EXIT (vol(20) > 0.31 AND rsi(5) > 32.2)
1,0,0,0.4514901440666519,-0.2619031100569841,60,"ENTRY ma_spread(10,100) > 0.036 | EXIT mom(126) < -0.018"
1,0,1,0.4514901440666519,-0.13524485396872202,59,"ENTRY ma_spread(10,100) > 0.036 | EXIT mom(126) < -0.018"
1,0,2,0.4514901440666519,-0.13185328163948232,58,"ENTRY ma_spread(10,100) > 0.036 | EXIT mom(126) < -0.018"
1,0,3,0.4514901440666519,-0.13439622451073074,57,"ENTRY ma_spread(10,100) > 0.036 | EXIT mom(126) < -0.018"
1,0,4,0.4514901440666519,0.060443534732774445,58,"ENTRY ma_spread(10,100) > 0.036 | EXIT mom(126) < -0.018"
1,0,5,0.4514901440666519,0.14532850023641,57,"ENTRY ma_spread(10,100) > 0.036 | EXIT mom(126) < -0.018"
1,0,6,0.5303584736533529,0.1241662980151022,55,"ENTRY ma_spread(10,100) > 0.034 | EXIT NOT trend(10) < 0.028"
1,0,7,0.539415014541052,0.1678382670639043,58,"ENTRY ma_spread(10,100) > 0.031 | EXIT NOT trend(10) < 0.028"
1,0,8,0.539415014541052,0.10832833487506856,59,"ENTRY ma_spread(10,100) > 0.031 | EXIT NOT trend(10) < 0.028"
1,0,9,0.5736981597788837,0.1087456621206646,58,"ENTRY ma_spread(10,100) > 0.044 | EXIT NOT trend(10) < 0.028"
1,0,10,0.5736981597788837,0.2656374130921764,56,"ENTRY ma_spread(10,100) > 0.044 | EXIT NOT trend(10) < 0.028"
1,0,11,0.5736981597788837,0.053551071398926745,54,"ENTRY ma_spread(10,100) > 0.044 | EXIT NOT trend(10) < 0.028"
1,0,12,0.6044142849002481,-0.029693622795188248,51,"ENTRY ma_spread(10,100) > 0.038 | EXIT NOT trend(10) < 0.028"
1,0,13,0.6044142849002481,-0.0009660892152573819,52,"ENTRY ma_spread(10,100) > 0.038 | EXIT NOT trend(10) < 0.028"
1,0,14,0.6044142849002481,0.07267066140014226,51,"ENTRY ma_spread(10,100) > 0.038 | EXIT NOT trend(10) < 0.028"
1,0,15,0.6044142849002481,-0.057782057292972026,47,"ENTRY ma_spread(10,100) > 0.038 | EXIT NOT trend(10) < 0.028"
1,0,16,0.6044142849002481,-0.00942276261143932,51,"ENTRY ma_spread(10,100) > 0.038 | EXIT NOT trend(10) < 0.028"
1,0,17,0.6177864923655735,0.13606265027031117,57,"ENTRY ma_spread(5,100) > 0.043 | EXIT NOT trend(10) < 0.032"
1,0,18,0.6275931109278484,0.17878352087180568,52,"ENTRY ma_spread(10,100) > 0.038 | EXIT NOT trend(10) < 0.032"
1,0,19,0.6275931109278484,0.1497139298302365,50,"ENTRY ma_spread(10,100) > 0.038 | EXIT NOT trend(10) < 0.032"
1,0,20,0.6275931109278484,0.1522962405253663,53,"ENTRY ma_spread(10,100) > 0.038 | EXIT NOT trend(10) < 0.032"
1,0,21,0.6275931109278484,0.1475672385119989,49,"ENTRY ma_spread(10,100) > 0.038 | EXIT NOT trend(10) < 0.032"
1,0,22,0.6275931109278484,-0.017205189852872692,54,"ENTRY ma_spread(10,100) > 0.038 | EXIT NOT trend(10) < 0.032"
1,0,23,0.6275931109278484,0.13836732368372703,54,"ENTRY ma_spread(10,100) > 0.038 | EXIT NOT trend(10) < 0.032"
1,0,24,0.6275931109278484,-0.09926422440148999,48,"ENTRY ma_spread(10,100) > 0.038 | EXIT NOT trend(10) < 0.032"
1,1,0,0.6571874234438948,-0.10212207508667724,60,"ENTRY ma_spread(10,100) > 0.038 | EXIT NOT trend(10) < 0.032"
1,1,1,0.6571874234438948,-0.07228809242314031,59,"ENTRY ma_spread(10,100) > 0.038 | EXIT NOT trend(10) < 0.032"
1,1,2,0.6571874234438948,0.040335870385365874,57,"ENTRY ma_spread(10,100) > 0.038 | EXIT NOT trend(10) < 0.032"
1,1,3,0.6571874234438948,0.10012170841219144,53,"ENTRY ma_spread(10,100) > 0.038 | EXIT NOT trend(10) < 0.032"
1,1,4,0.6586221648595293,0.10070530598476496,51,"ENTRY (ma_spread(10,100) > 0.038 OR trend(20) > 0.066) | EXIT NOT trend(10) < 0.032"
1,1,5,0.6608987298148699,0.07287320142584512,54,"ENTRY (ma_spread(10,100) > 0.038 OR trend(20) > 0.066) | EXIT NOT trend(10) < 0.033"
1,1,6,0.6608987298148699,0.09516441921097386,56,"ENTRY (ma_spread(10,100) > 0.038 OR trend(20) > 0.066) | EXIT NOT trend(10) < 0.033"
1,1,7,0.6608987298148699,0.17273395288067234,57,"ENTRY (ma_spread(10,100) > 0.038 OR trend(20) > 0.066) | EXIT NOT trend(10) < 0.033"
1,1,8,0.6608987298148699,0.11260516744818369,53,"ENTRY (ma_spread(10,100) > 0.038 OR trend(20) > 0.066) | EXIT NOT trend(10) < 0.033"
1,1,9,0.6608987298148699,-0.13212885681238595,53,"ENTRY (ma_spread(10,100) > 0.038 OR trend(20) > 0.066) | EXIT NOT trend(10) < 0.033"
1,1,10,0.6608987298148699,-0.07000376950702719,53,"ENTRY (ma_spread(10,100) > 0.038 OR trend(20) > 0.066) | EXIT NOT trend(10) < 0.033"
1,1,11,0.6608987298148699,0.04509901626084488,57,"ENTRY (ma_spread(10,100) > 0.038 OR trend(20) > 0.066) | EXIT NOT trend(10) < 0.033"
1,1,12,0.6608987298148699,-0.05889851291600005,52,"ENTRY (ma_spread(10,100) > 0.038 OR trend(20) > 0.066) | EXIT NOT trend(10) < 0.033"
1,1,13,0.6608987298148699,0.08712014109954,55,"ENTRY (ma_spread(10,100) > 0.038 OR trend(20) > 0.066) | EXIT NOT trend(10) < 0.033"
1,1,14,0.6608987298148699,0.018942248158727876,53,"ENTRY (ma_spread(10,100) > 0.038 OR trend(20) > 0.066) | EXIT NOT trend(10) < 0.033"
1,1,15,0.6608987298148699,-0.014714826692231276,52,"ENTRY (ma_spread(10,100) > 0.038 OR trend(20) > 0.066) | EXIT NOT trend(10) < 0.033"
1,1,16,0.6608987298148699,0.014519030241204304,55,"ENTRY (ma_spread(10,100) > 0.038 OR trend(20) > 0.066) | EXIT NOT trend(10) < 0.033"
1,1,17,0.6608987298148699,0.06408020841443333,52,"ENTRY (ma_spread(10,100) > 0.038 OR trend(20) > 0.066) | EXIT NOT trend(10) < 0.033"
1,1,18,0.6622547686836076,-0.07091688779801039,50,"ENTRY (ma_spread(10,100) > 0.038 OR trend(20) > 0.063) | EXIT NOT trend(10) < 0.033"
1,1,19,0.6622547686836076,0.010354520887752594,53,"ENTRY (ma_spread(10,100) > 0.038 OR trend(20) > 0.063) | EXIT NOT trend(10) < 0.033"
1,1,20,0.6622547686836076,0.07501544725485582,55,"ENTRY (ma_spread(10,100) > 0.038 OR trend(20) > 0.063) | EXIT NOT trend(10) < 0.033"
1,1,21,0.6622547686836076,0.02364893989706364,57,"ENTRY (ma_spread(10,100) > 0.038 OR trend(20) > 0.063) | EXIT NOT trend(10) < 0.033"
1,1,22,0.6622547686836076,-0.023199082597233765,55,"ENTRY (ma_spread(10,100) > 0.038 OR trend(20) > 0.063) | EXIT NOT trend(10) < 0.033"
1,1,23,0.6622547686836076,0.016394906922847167,53,"ENTRY (ma_spread(10,100) > 0.038 OR trend(20) > 0.063) | EXIT NOT trend(10) < 0.033"
1,1,24,0.6622547686836076,0.0709204280947182,52,"ENTRY (ma_spread(10,100) > 0.038 OR trend(20) > 0.063) | EXIT NOT trend(10) < 0.033"
1,2,0,0.5872729356805461,-0.12814073539427662,60,"ENTRY (ma_spread(10,100) > 0.038 OR trend(20) > 0.063) | EXIT NOT trend(10) < 0.033"
1,2,1,0.5872729356805461,-0.016824342261588132,57,"ENTRY (ma_spread(10,100) > 0.038 OR trend(20) > 0.063) | EXIT NOT trend(10) < 0.033"
1,2,2,0.5872729356805461,-0.15963498558546732,58,"ENTRY (ma_spread(10,100) > 0.038 OR trend(20) > 0.063) | EXIT NOT trend(10) < 0.033"
1,2,3,0.5872729356805461,-0.1576804151590528,57,"ENTRY (ma_spread(10,100) > 0.038 OR trend(20) > 0.063) | EXIT NOT trend(10) < 0.033"
1,2,4,0.5872729356805461,0.029819245325734284,55,"ENTRY (ma_spread(10,100) > 0.038 OR trend(20) > 0.063) | EXIT NOT trend(10) < 0.033"
1,2,5,0.6047047375279997,-0.030020734958028126,54,ENTRY ((zscore(100) > -0.11 AND zscore(50) < -1.17) OR trend(20) > 0.063) | EXIT NOT trend(10) < 0.033
1,2,6,0.6047047375279997,-0.11728487998090958,54,ENTRY ((zscore(100) > -0.11 AND zscore(50) < -1.17) OR trend(20) > 0.063) | EXIT NOT trend(10) < 0.033
1,2,7,0.6047047375279997,-0.043286170482760296,55,ENTRY ((zscore(100) > -0.11 AND zscore(50) < -1.17) OR trend(20) > 0.063) | EXIT NOT trend(10) < 0.033
1,2,8,0.6047047375279997,-0.11543631496602899,56,ENTRY ((zscore(100) > -0.11 AND zscore(50) < -1.17) OR trend(20) > 0.063) | EXIT NOT trend(10) < 0.033
1,2,9,0.6047047375279997,0.11409931263246133,56,ENTRY ((zscore(100) > -0.11 AND zscore(50) < -1.17) OR trend(20) > 0.063) | EXIT NOT trend(10) < 0.033
1,2,10,0.6047047375279997,-0.13574998972301136,56,ENTRY ((zscore(100) > -0.11 AND zscore(50) < -1.17) OR trend(20) > 0.063) | EXIT NOT trend(10) < 0.033
1,2,11,0.6047047375279997,-0.04116059607543859,60,ENTRY ((zscore(100) > -0.11 AND zscore(50) < -1.17) OR trend(20) > 0.063) | EXIT NOT trend(10) < 0.033
1,2,12,0.6047047375279997,0.039658865845917775,56,ENTRY ((zscore(100) > -0.11 AND zscore(50) < -1.17) OR trend(20) > 0.063) | EXIT NOT trend(10) < 0.033
1,2,13,0.6047047375279997,-0.03983570622900798,57,ENTRY ((zscore(100) > -0.11 AND zscore(50) < -1.17) OR trend(20) > 0.063) | EXIT NOT trend(10) < 0.033
1,2,14,0.6047047375279997,-0.0464569818622489,54,ENTRY ((zscore(100) > -0.11 AND zscore(50) < -1.17) OR trend(20) > 0.063) | EXIT NOT trend(10) < 0.033
1,2,15,0.6047047375279997,0.01929533238106952,53,ENTRY ((zscore(100) > -0.11 AND zscore(50) < -1.17) OR trend(20) > 0.063) | EXIT NOT trend(10) < 0.033
1,2,16,0.6052857119994323,0.05760667805607075,51,"ENTRY (ma_spread(10,100) > 0.038 OR trend(20) > 0.052) | EXIT NOT trend(10) < 0.033"
1,2,17,0.6052857119994323,-0.23574979621967043,55,"ENTRY (ma_spread(10,100) > 0.038 OR trend(20) > 0.052) | EXIT NOT trend(10) < 0.033"
1,2,18,0.6052857119994323,-0.12336835174381443,53,"ENTRY (ma_spread(10,100) > 0.038 OR trend(20) > 0.052) | EXIT NOT trend(10) < 0.033"
1,2,19,0.6052857119994323,0.014528113049890996,54,"ENTRY (ma_spread(10,100) > 0.038 OR trend(20) > 0.052) | EXIT NOT trend(10) < 0.033"
1,2,20,0.6052857119994323,0.07125458545668166,55,"ENTRY (ma_spread(10,100) > 0.038 OR trend(20) > 0.052) | EXIT NOT trend(10) < 0.033"
1,2,21,0.6052857119994323,0.01818760709116417,56,"ENTRY (ma_spread(10,100) > 0.038 OR trend(20) > 0.052) | EXIT NOT trend(10) < 0.033"
1,2,22,0.6052857119994323,0.055985576663173844,54,"ENTRY (ma_spread(10,100) > 0.038 OR trend(20) > 0.052) | EXIT NOT trend(10) < 0.033"
1,2,23,0.6052857119994323,-0.08629253499308501,55,"ENTRY (ma_spread(10,100) > 0.038 OR trend(20) > 0.052) | EXIT NOT trend(10) < 0.033"
1,2,24,0.6052857119994323,-0.1306270181161474,55,"ENTRY (ma_spread(10,100) > 0.038 OR trend(20) > 0.052) | EXIT NOT trend(10) < 0.033"
1,3,0,0.6086888640332258,-0.10447930997110717,60,ENTRY ((zscore(100) > -0.11 AND zscore(50) < -1.17) OR trend(20) > 0.063) | EXIT NOT trend(10) < 0.033
1,3,1,0.6086888640332258,-0.03938764527174851,59,ENTRY ((zscore(100) > -0.11 AND zscore(50) < -1.17) OR trend(20) > 0.063) | EXIT NOT trend(10) < 0.033
1,3,2,0.6086888640332258,0.01752366127302549,59,ENTRY ((zscore(100) > -0.11 AND zscore(50) < -1.17) OR trend(20) > 0.063) | EXIT NOT trend(10) < 0.033
1,3,3,0.6086888640332258,0.07683293717462579,55,ENTRY ((zscore(100) > -0.11 AND zscore(50) < -1.17) OR trend(20) > 0.063) | EXIT NOT trend(10) < 0.033
1,3,4,0.6086888640332258,-0.012122513682253278,53,ENTRY ((zscore(100) > -0.11 AND zscore(50) < -1.17) OR trend(20) > 0.063) | EXIT NOT trend(10) < 0.033
1,3,5,0.6086888640332258,-0.17445152772638917,54,ENTRY ((zscore(100) > -0.11 AND zscore(50) < -1.17) OR trend(20) > 0.063) | EXIT NOT trend(10) < 0.033
1,3,6,0.6086888640332258,-0.0363089286989244,58,ENTRY ((zscore(100) > -0.11 AND zscore(50) < -1.17) OR trend(20) > 0.063) | EXIT NOT trend(10) < 0.033
1,3,7,0.6086888640332258,-0.09843777325933513,53,ENTRY ((zscore(100) > -0.11 AND zscore(50) < -1.17) OR trend(20) > 0.063) | EXIT NOT trend(10) < 0.033
1,3,8,0.6086888640332258,0.003598687870276773,57,ENTRY ((zscore(100) > -0.11 AND zscore(50) < -1.17) OR trend(20) > 0.063) | EXIT NOT trend(10) < 0.033
1,3,9,0.6086888640332258,-0.04981476351098514,54,ENTRY ((zscore(100) > -0.11 AND zscore(50) < -1.17) OR trend(20) > 0.063) | EXIT NOT trend(10) < 0.033
1,3,10,0.6086888640332258,0.050690699228224556,58,ENTRY ((zscore(100) > -0.11 AND zscore(50) < -1.17) OR trend(20) > 0.063) | EXIT NOT trend(10) < 0.033
1,3,11,0.6086888640332258,-0.0051786829303063185,57,ENTRY ((zscore(100) > -0.11 AND zscore(50) < -1.17) OR trend(20) > 0.063) | EXIT NOT trend(10) < 0.033
1,3,12,0.6086888640332258,-0.0800553786991807,53,ENTRY ((zscore(100) > -0.11 AND zscore(50) < -1.17) OR trend(20) > 0.063) | EXIT NOT trend(10) < 0.033
1,3,13,0.6086888640332258,-0.16084038807238307,55,ENTRY ((zscore(100) > -0.11 AND zscore(50) < -1.17) OR trend(20) > 0.063) | EXIT NOT trend(10) < 0.033
1,3,14,0.612918658249203,0.017221390705808377,53,ENTRY ((zscore(100) > -0.11 AND zscore(50) < -1.18) OR trend(20) > 0.063) | EXIT NOT trend(10) < 0.033
1,3,15,0.6202786404676051,-0.05032306111057367,53,ENTRY ((zscore(100) > -0.39 AND zscore(50) < -1.17) OR trend(20) > 0.063) | EXIT NOT trend(10) < 0.033
1,3,16,0.6202786404676051,-0.1510137582383915,56,ENTRY ((zscore(100) > -0.39 AND zscore(50) < -1.17) OR trend(20) > 0.063) | EXIT NOT trend(10) < 0.033
1,3,17,0.6240723795292664,-0.03878307093890935,57,ENTRY ((zscore(100) > -0.11 AND zscore(50) < -1.15) OR trend(20) > 0.063) | EXIT NOT trend(10) < 0.033
1,3,18,0.6240723795292664,-0.012750135617715068,55,ENTRY ((zscore(100) > -0.11 AND zscore(50) < -1.15) OR trend(20) > 0.063) | EXIT NOT trend(10) < 0.033
1,3,19,0.6240723795292664,-0.08136631535394447,56,ENTRY ((zscore(100) > -0.11 AND zscore(50) < -1.15) OR trend(20) > 0.063) | EXIT NOT trend(10) < 0.033
1,3,20,0.6240723795292664,-0.09716199004247784,58,ENTRY ((zscore(100) > -0.11 AND zscore(50) < -1.15) OR trend(20) > 0.063) | EXIT NOT trend(10) < 0.033
1,3,21,0.6240723795292664,-0.12599325252081284,56,ENTRY ((zscore(100) > -0.11 AND zscore(50) < -1.15) OR trend(20) > 0.063) | EXIT NOT trend(10) < 0.033
1,3,22,0.6240723795292664,-0.018864942709863348,52,ENTRY ((zscore(100) > -0.11 AND zscore(50) < -1.15) OR trend(20) > 0.063) | EXIT NOT trend(10) < 0.033
1,3,23,0.6240723795292664,-0.040120153913592735,52,ENTRY ((zscore(100) > -0.11 AND zscore(50) < -1.15) OR trend(20) > 0.063) | EXIT NOT trend(10) < 0.033
1,3,24,0.6240723795292664,-0.13943025183018534,52,ENTRY ((zscore(100) > -0.11 AND zscore(50) < -1.15) OR trend(20) > 0.063) | EXIT NOT trend(10) < 0.033
1,4,0,0.6152868558152333,-0.1061615469999231,60,ENTRY ((zscore(100) > -0.39 AND zscore(50) < -1.44) OR trend(20) > 0.063) | EXIT NOT trend(10) < 0.033
1,4,1,0.6152868558152333,-0.13577109098781032,60,ENTRY ((zscore(100) > -0.39 AND zscore(50) < -1.44) OR trend(20) > 0.063) | EXIT NOT trend(10) < 0.033
1,4,2,0.6152868558152333,-0.046335431941715535,59,ENTRY ((zscore(100) > -0.39 AND zscore(50) < -1.44) OR trend(20) > 0.063) | EXIT NOT trend(10) < 0.033
1,4,3,0.6205282815049877,0.08837948978262164,58,ENTRY ((zscore(100) > -0.17 AND zscore(50) < -1.18) OR trend(20) > 0.063) | EXIT NOT trend(10) < 0.033
1,4,4,0.6205282815049877,-0.029719568967936667,59,ENTRY ((zscore(100) > -0.17 AND zscore(50) < -1.18) OR trend(20) > 0.063) | EXIT NOT trend(10) < 0.033
1,4,5,0.6205282815049877,-0.07363235443573052,58,ENTRY ((zscore(100) > -0.17 AND zscore(50) < -1.18) OR trend(20) > 0.063) | EXIT NOT trend(10) < 0.033
1,4,6,0.6205282815049877,-0.10844271685399282,58,ENTRY ((zscore(100) > -0.17 AND zscore(50) < -1.18) OR trend(20) > 0.063) | EXIT NOT trend(10) < 0.033
1,4,7,0.6205282815049877,-0.10955935817454444,56,ENTRY ((zscore(100) > -0.17 AND zscore(50) < -1.18) OR trend(20) > 0.063) | EXIT NOT trend(10) < 0.033
1,4,8,0.6205282815049877,0.014432244944287098,56,ENTRY ((zscore(100) > -0.17 AND zscore(50) < -1.18) OR trend(20) > 0.063) | EXIT NOT trend(10) < 0.033
1,4,9,0.6205282815049877,-0.1180884131272129,57,ENTRY ((zscore(100) > -0.17 AND zscore(50) < -1.18) OR trend(20) > 0.063) | EXIT NOT trend(10) < 0.033
1,4,10,0.6205282815049877,-0.0758377357425903,56,ENTRY ((zscore(100) > -0.17 AND zscore(50) < -1.18) OR trend(20) > 0.063) | EXIT NOT trend(10) < 0.033
1,4,11,0.6205282815049877,-0.11587871641688095,55,ENTRY ((zscore(100) > -0.17 AND zscore(50) < -1.18) OR trend(20) > 0.063) | EXIT NOT trend(10) < 0.033
1,4,12,0.6205282815049877,-0.06294787420100792,52,ENTRY ((zscore(100) > -0.17 AND zscore(50) < -1.18) OR trend(20) > 0.063) | EXIT NOT trend(10) < 0.033
1,4,13,0.6205282815049877,-0.2096482464894866,57,ENTRY ((zscore(100) > -0.17 AND zscore(50) < -1.18) OR trend(20) > 0.063) | EXIT NOT trend(10) < 0.033
1,4,14,0.6363055812331775,-0.13891577184681836,53,"ENTRY ((ma_spread(5,200) > 0.005 AND zscore(50) < -1.15) OR trend(20) > 0.063) | EXIT NOT trend(10) < 0.033"
1,4,15,0.6390209821485122,-0.19523724115382882,54,"ENTRY ((ma_spread(5,200) > 0.005 AND zscore(50) < -1.31) OR trend(20) > 0.063) | EXIT NOT trend(10) < 0.033"
1,4,16,0.6390209821485122,-0.1596553250972318,56,"ENTRY ((ma_spread(5,200) > 0.005 AND zscore(50) < -1.31) OR trend(20) > 0.063) | EXIT NOT trend(10) < 0.033"
1,4,17,0.6390209821485122,0.13468529123132864,55,"ENTRY ((ma_spread(5,200) > 0.005 AND zscore(50) < -1.31) OR trend(20) > 0.063) | EXIT NOT trend(10) < 0.033"
1,4,18,0.6390209821485122,-0.11873987802044285,59,"ENTRY ((ma_spread(5,200) > 0.005 AND zscore(50) < -1.31) OR trend(20) > 0.063) | EXIT NOT trend(10) < 0.033"
1,4,19,0.6390209821485122,0.07329528865484261,54,"ENTRY ((ma_spread(5,200) > 0.005 AND zscore(50) < -1.31) OR trend(20) > 0.063) | EXIT NOT trend(10) < 0.033"
1,4,20,0.6390209821485122,-0.04261871635317257,54,"ENTRY ((ma_spread(5,200) > 0.005 AND zscore(50) < -1.31) OR trend(20) > 0.063) | EXIT NOT trend(10) < 0.033"
1,4,21,0.6390209821485122,0.1579391829251173,56,"ENTRY ((ma_spread(5,200) > 0.005 AND zscore(50) < -1.31) OR trend(20) > 0.063) | EXIT NOT trend(10) < 0.033"
1,4,22,0.6390209821485122,0.014316572418357598,53,"ENTRY ((ma_spread(5,200) > 0.005 AND zscore(50) < -1.31) OR trend(20) > 0.063) | EXIT NOT trend(10) < 0.033"
1,4,23,0.6390209821485122,-0.16249509436350046,56,"ENTRY ((ma_spread(5,200) > 0.005 AND zscore(50) < -1.31) OR trend(20) > 0.063) | EXIT NOT trend(10) < 0.033"
1,4,24,0.6390209821485122,-0.21094749871621368,57,"ENTRY ((ma_spread(5,200) > 0.005 AND zscore(50) < -1.31) OR trend(20) > 0.063) | EXIT NOT trend(10) < 0.033"
2,0,0,0.35164103627259097,-0.47784279894444126,60,ENTRY (mom(5) < 0.052 OR vol(63) < 0.32) | EXIT NOT (mom(5) < 0.052 OR vol(63) < 0.32)
2,0,1,0.4648673837850289,-0.1538408928680887,59,ENTRY NOT rsi(2) > 14.6 | EXIT mom(63) < -0.084
2,0,2,0.4648673837850289,-0.045335579240649765,60,ENTRY NOT rsi(2) > 14.6 | EXIT mom(63) < -0.084
2,0,3,0.47910403803242235,0.04739521019093804,60,ENTRY ml_prob < 0.60 | EXIT (mom(126) < -0.110 AND rsi(2) > 58.0)
2,0,4,0.47910403803242235,0.13609759327174156,59,ENTRY ml_prob < 0.60 | EXIT (mom(126) < -0.110 AND rsi(2) > 58.0)
2,0,5,0.47910403803242235,0.2656577040004662,58,ENTRY ml_prob < 0.60 | EXIT (mom(126) < -0.110 AND rsi(2) > 58.0)
2,0,6,0.5245908312502938,0.180103624830603,56,ENTRY NOT rsi(2) > 14.6 | EXIT (mom(126) < -0.110 AND (mom(5) > -0.087 OR trend(200) > -0.087))
2,0,7,0.6313197360702465,0.24143535428900587,56,"ENTRY ml_prob < 0.60 | EXIT (ma_spread(10,200) < 0.021 AND rsi(2) > 58.0)"
2,0,8,0.6383544845405683,0.22813568131446235,57,"ENTRY ml_prob < 0.60 | EXIT (ma_spread(10,200) < 0.010 AND rsi(2) > 58.0)"
2,0,9,0.6383544845405683,0.24488794763833485,51,"ENTRY ml_prob < 0.60 | EXIT (ma_spread(10,200) < 0.010 AND rsi(2) > 58.0)"
2,0,10,0.6383544845405683,0.3123688166162741,56,"ENTRY ml_prob < 0.60 | EXIT (ma_spread(10,200) < 0.010 AND rsi(2) > 58.0)"
2,0,11,0.6383544845405683,0.30472269426667303,54,"ENTRY ml_prob < 0.60 | EXIT (ma_spread(10,200) < 0.010 AND rsi(2) > 58.0)"
2,0,12,0.6386447859076554,0.3880807920060597,52,"ENTRY ml_prob < 0.60 | EXIT (ma_spread(10,200) < 0.007 AND rsi(2) > 58.0)"
2,0,13,0.6432439399697563,0.2885843381222186,51,"ENTRY ml_prob < 0.61 | EXIT (ma_spread(10,200) < 0.010 AND rsi(2) > 58.0)"
2,0,14,0.688883345125525,0.22637811091410617,55,"ENTRY ml_prob < 0.53 | EXIT (ma_spread(10,200) < 0.010 AND rsi(2) > 58.0)"
2,0,15,0.688883345125525,0.37239472937398604,56,"ENTRY ml_prob < 0.53 | EXIT (ma_spread(10,200) < 0.010 AND rsi(2) > 58.0)"
2,0,16,0.688883345125525,0.37530743307880826,58,"ENTRY ml_prob < 0.53 | EXIT (ma_spread(10,200) < 0.010 AND rsi(2) > 58.0)"
2,0,17,0.6964238100215882,0.42997601073273756,51,"ENTRY ml_prob < 0.54 | EXIT (ma_spread(10,200) < 0.010 AND rsi(2) > 54.5)"
2,0,18,0.6977285105054439,0.3197034536136233,52,"ENTRY ml_prob < 0.56 | EXIT (ma_spread(10,200) < 0.010 AND rsi(2) > 54.5)"
2,0,19,0.6977285105054439,0.3993819922553896,52,"ENTRY ml_prob < 0.56 | EXIT (ma_spread(10,200) < 0.010 AND rsi(2) > 54.5)"
2,0,20,0.6997065145101585,0.46670207142162146,53,"ENTRY ml_prob < 0.55 | EXIT (ma_spread(10,200) < 0.010 AND rsi(2) > 54.5)"
2,0,21,0.6997065145101585,0.34006225042074817,45,"ENTRY ml_prob < 0.55 | EXIT (ma_spread(10,200) < 0.010 AND rsi(2) > 54.5)"
2,0,22,0.6997065145101585,0.40491924032521454,46,"ENTRY ml_prob < 0.55 | EXIT (ma_spread(10,200) < 0.010 AND rsi(2) > 54.5)"
2,0,23,0.6997065145101585,0.4772607982288245,46,"ENTRY ml_prob < 0.55 | EXIT (ma_spread(10,200) < 0.010 AND rsi(2) > 54.5)"
2,0,24,0.6997065145101585,0.47081554067939557,47,"ENTRY ml_prob < 0.55 | EXIT (ma_spread(10,200) < 0.010 AND rsi(2) > 54.5)"
2,1,0,0.6766987925153167,-0.28463936500781506,60,"ENTRY ml_prob < 0.56 | EXIT (ma_spread(10,200) < 0.010 AND rsi(2) > 54.5)"
2,1,1,0.6766987925153167,-0.0021541877465528713,60,"ENTRY ml_prob < 0.56 | EXIT (ma_spread(10,200) < 0.010 AND rsi(2) > 54.5)"
2,1,2,0.6993752709640609,0.27291852117272597,59,"ENTRY ml_prob < 0.54 | EXIT (ma_spread(50,200) < 0.010 AND rsi(2) > 54.6)"
2,1,3,0.7111447409987692,0.43224231895677684,60,"ENTRY ml_prob < 0.56 | EXIT (ma_spread(50,200) < 0.010 AND rsi(2) > 54.5)"
2,1,4,0.7113045270371473,0.3611627981667842,58,"ENTRY ml_prob < 0.56 | EXIT (ma_spread(50,200) < 0.010 AND rsi(2) > 54.6)"
2,1,5,0.7113045270371473,0.37876971554390665,58,"ENTRY ml_prob < 0.56 | EXIT (ma_spread(50,200) < 0.010 AND rsi(2) > 54.6)"
2,1,6,0.7113045270371473,0.1933852664572934,55,"ENTRY ml_prob < 0.56 | EXIT (ma_spread(50,200) < 0.010 AND rsi(2) > 54.6)"
2,1,7,0.7127392550021125,0.3056682291878175,55,"ENTRY ml_prob < 0.51 | EXIT (ma_spread(50,200) < 0.010 AND rsi(2) > 54.6)"
2,1,8,0.7127392550021125,0.31619751484587916,48,"ENTRY ml_prob < 0.51 | EXIT (ma_spread(50,200) < 0.010 AND rsi(2) > 54.6)"
2,1,9,0.7127392550021125,0.2646079098002753,48,"ENTRY ml_prob < 0.51 | EXIT (ma_spread(50,200) < 0.010 AND rsi(2) > 54.6)"
2,1,10,0.7127392550021125,0.4183698245569153,53,"ENTRY ml_prob < 0.51 | EXIT (ma_spread(50,200) < 0.010 AND rsi(2) > 54.6)"
2,1,11,0.7198239629117821,0.34868568615388623,50,"ENTRY (ml_prob < 0.56 OR mom(5) < -0.125) | EXIT ((ma_spread(50,200) < 0.010 AND rsi(2) > 54.6) AND rsi(2) > 55.4)"
2,1,12,0.7198239629117821,0.41127342139919193,46,"ENTRY (ml_prob < 0.56 OR mom(5) < -0.125) | EXIT ((ma_spread(50,200) < 0.010 AND rsi(2) > 54.6) AND rsi(2) > 55.4)"
2,1,13,0.7198239629117821,0.2574567873259622,53,"ENTRY (ml_prob < 0.56 OR mom(5) < -0.125) | EXIT ((ma_spread(50,200) < 0.010 AND rsi(2) > 54.6) AND rsi(2) > 55.4)"
2,1,14,0.7455914166656521,0.4161986374251995,56,"ENTRY (ml_prob < 0.56 OR mom(5) < -0.125) | EXIT (ma_spread(50,200) < 0.010 AND rsi(2) > 54.6)"
2,1,15,0.7455914166656521,0.38402724636565444,57,"ENTRY (ml_prob < 0.56 OR mom(5) < -0.125) | EXIT (ma_spread(50,200) < 0.010 AND rsi(2) > 54.6)"
2,1,16,0.7455914166656521,0.09061480927308121,60,"ENTRY (ml_prob < 0.56 OR mom(5) < -0.125) | EXIT (ma_spread(50,200) < 0.010 AND rsi(2) > 54.6)"
2,1,17,0.7455914166656521,0.32870570994306597,57,"ENTRY (ml_prob < 0.56 OR mom(5) < -0.125) | EXIT (ma_spread(50,200) < 0.010 AND rsi(2) > 54.6)"
2,1,18,0.7455914166656521,0.30103220279892395,58,"ENTRY (ml_prob < 0.56 OR mom(5) < -0.125) | EXIT (ma_spread(50,200) < 0.010 AND rsi(2) > 54.6)"
2,1,19,0.7455914166656521,0.42143050586053726,56,"ENTRY (ml_prob < 0.56 OR mom(5) < -0.125) | EXIT (ma_spread(50,200) < 0.010 AND rsi(2) > 54.6)"
2,1,20,0.7455914166656521,0.4695501326566932,56,"ENTRY (ml_prob < 0.56 OR mom(5) < -0.125) | EXIT (ma_spread(50,200) < 0.010 AND rsi(2) > 54.6)"
2,1,21,0.7455914166656521,0.32473799095126776,54,"ENTRY (ml_prob < 0.56 OR mom(5) < -0.125) | EXIT (ma_spread(50,200) < 0.010 AND rsi(2) > 54.6)"
2,1,22,0.7455914166656521,0.15678003293900655,56,"ENTRY (ml_prob < 0.56 OR mom(5) < -0.125) | EXIT (ma_spread(50,200) < 0.010 AND rsi(2) > 54.6)"
2,1,23,0.7480794820917425,0.3034440887267404,55,"ENTRY (ml_prob < 0.56 OR mom(5) < -0.150) | EXIT (ma_spread(50,200) < 0.009 AND rsi(2) > 54.6)"
2,1,24,0.7497171530754847,0.2965863059013294,53,"ENTRY (ml_prob < 0.56 OR mom(5) < -0.125) | EXIT (ma_spread(50,200) < 0.009 AND rsi(2) > 54.6)"
2,2,0,0.6787289193212573,-0.3013889512463967,60,"ENTRY (ml_prob < 0.56 OR mom(5) < -0.125) | EXIT (rsi(2) > 58.5 AND ma_spread(50,200) < 0.010)"
2,2,1,0.6787289193212573,0.09715264147584263,59,"ENTRY (ml_prob < 0.56 OR mom(5) < -0.125) | EXIT (rsi(2) > 58.5 AND ma_spread(50,200) < 0.010)"
2,2,2,0.6787289193212573,0.10275050978249206,57,"ENTRY (ml_prob < 0.56 OR mom(5) < -0.125) | EXIT (rsi(2) > 58.5 AND ma_spread(50,200) < 0.010)"
2,2,3,0.682259895357485,0.21384505218923858,55,"ENTRY (ml_prob < 0.56 OR mom(5) < -0.125) | EXIT (rsi(2) > 56.2 AND ma_spread(50,200) < 0.010)"
2,2,4,0.682259895357485,0.24069952237055867,55,"ENTRY (ml_prob < 0.56 OR mom(5) < -0.125) | EXIT (rsi(2) > 56.2 AND ma_spread(50,200) < 0.010)"
2,2,5,0.682259895357485,0.3238676947575472,56,"ENTRY (ml_prob < 0.56 OR mom(5) < -0.125) | EXIT (rsi(2) > 56.2 AND ma_spread(50,200) < 0.010)"
2,2,6,0.682259895357485,0.1767101681035865,57,"ENTRY (ml_prob < 0.56 OR mom(5) < -0.125) | EXIT (rsi(2) > 56.2 AND ma_spread(50,200) < 0.010)"
2,2,7,0.682259895357485,0.30400404329262254,55,"ENTRY (ml_prob < 0.56 OR mom(5) < -0.125) | EXIT (rsi(2) > 56.2 AND ma_spread(50,200) < 0.010)"
2,2,8,0.682259895357485,0.3970384168287927,57,"ENTRY (ml_prob < 0.56 OR mom(5) < -0.125) | EXIT (rsi(2) > 56.2 AND ma_spread(50,200) < 0.010)"
2,2,9,0.682259895357485,0.3449093696185725,56,"ENTRY (ml_prob < 0.56 OR mom(5) < -0.125) | EXIT (rsi(2) > 56.2 AND ma_spread(50,200) < 0.010)"
2,2,10,0.682259895357485,0.04684864234499301,53,"ENTRY (ml_prob < 0.56 OR mom(5) < -0.125) | EXIT (rsi(2) > 56.2 AND ma_spread(50,200) < 0.010)"
2,2,11,0.682259895357485,0.18234240645333863,55,"ENTRY (ml_prob < 0.56 OR mom(5) < -0.125) | EXIT (rsi(2) > 56.2 AND ma_spread(50,200) < 0.010)"
2,2,12,0.682259895357485,0.2503486819044427,55,"ENTRY (ml_prob < 0.56 OR mom(5) < -0.125) | EXIT (rsi(2) > 56.2 AND ma_spread(50,200) < 0.010)"
2,2,13,0.682259895357485,0.3815599307280616,55,"ENTRY (ml_prob < 0.56 OR mom(5) < -0.125) | EXIT (rsi(2) > 56.2 AND ma_spread(50,200) < 0.010)"
2,2,14,0.682259895357485,0.3677935684512964,58,"ENTRY (ml_prob < 0.56 OR mom(5) < -0.125) | EXIT (rsi(2) > 56.2 AND ma_spread(50,200) < 0.010)"
2,2,15,0.682259895357485,0.3153369354370919,57,"ENTRY (ml_prob < 0.56 OR mom(5) < -0.125) | EXIT (rsi(2) > 56.2 AND ma_spread(50,200) < 0.010)"
2,2,16,0.682259895357485,0.33546628027083186,58,"ENTRY (ml_prob < 0.56 OR mom(5) < -0.125) | EXIT (rsi(2) > 56.2 AND ma_spread(50,200) < 0.010)"
2,2,17,0.682259895357485,0.2468933264886629,56,"ENTRY (ml_prob < 0.56 OR mom(5) < -0.125) | EXIT (rsi(2) > 56.2 AND ma_spread(50,200) < 0.010)"
2,2,18,0.682259895357485,0.33218010099319656,57,"ENTRY (ml_prob < 0.56 OR mom(5) < -0.125) | EXIT (rsi(2) > 56.2 AND ma_spread(50,200) < 0.010)"
2,2,19,0.6853742217491241,0.38185091541422234,56,"ENTRY (ml_prob < 0.56 OR mom(5) < -0.125) | EXIT (ma_spread(50,200) < 0.009 AND rsi(2) > 56.2)"
2,2,20,0.6853742217491241,0.2569046607599732,55,"ENTRY (ml_prob < 0.56 OR mom(5) < -0.125) | EXIT (ma_spread(50,200) < 0.009 AND rsi(2) > 56.2)"
2,2,21,0.6853742217491241,0.30234328670074184,58,"ENTRY (ml_prob < 0.56 OR mom(5) < -0.125) | EXIT (ma_spread(50,200) < 0.009 AND rsi(2) > 56.2)"
2,2,22,0.6853742217491241,0.22038866957231368,56,"ENTRY (ml_prob < 0.56 OR mom(5) < -0.125) | EXIT (ma_spread(50,200) < 0.009 AND rsi(2) > 56.2)"
2,2,23,0.6853742217491241,0.26464318146964694,54,"ENTRY (ml_prob < 0.56 OR mom(5) < -0.125) | EXIT (ma_spread(50,200) < 0.009 AND rsi(2) > 56.2)"
2,2,24,0.6853742217491241,0.1595832122054009,55,"ENTRY (ml_prob < 0.56 OR mom(5) < -0.125) | EXIT (ma_spread(50,200) < 0.009 AND rsi(2) > 56.2)"
2,3,0,0.6499219114530723,-0.28206587560137053,60,"ENTRY (ml_prob < 0.56 OR mom(5) < -0.125) | EXIT (ma_spread(50,200) < 0.009 AND rsi(2) > 56.2)"
2,3,1,0.6714074587261073,-0.04574393863556068,60,"ENTRY (ml_prob < 0.56 OR mom(5) < -0.125) | EXIT (rsi(2) > 56.2 AND (ma_spread(50,200) < 0.010 AND vol(10) > 0.13))"
2,3,2,0.6714074587261073,0.17177585728112554,60,"ENTRY (ml_prob < 0.56 OR mom(5) < -0.125) | EXIT (rsi(2) > 56.2 AND (ma_spread(50,200) < 0.010 AND vol(10) > 0.13))"
2,3,3,0.6714074587261073,0.18879811479176148,57,"ENTRY (ml_prob < 0.56 OR mom(5) < -0.125) | EXIT (rsi(2) > 56.2 AND (ma_spread(50,200) < 0.010 AND vol(10) > 0.13))"
2,3,4,0.6714074587261073,0.21147705866817063,57,"ENTRY (ml_prob < 0.56 OR mom(5) < -0.125) | EXIT (rsi(2) > 56.2 AND (ma_spread(50,200) < 0.010 AND vol(10) > 0.13))"
2,3,5,0.6714074587261073,0.04100010209011472,60,"ENTRY (ml_prob < 0.56 OR mom(5) < -0.125) | EXIT (rsi(2) > 56.2 AND (ma_spread(50,200) < 0.010 AND vol(10) > 0.13))"
2,3,6,0.6714074587261073,0.1453508355811532,57,"ENTRY (ml_prob < 0.56 OR mom(5) < -0.125) | EXIT (rsi(2) > 56.2 AND (ma_spread(50,200) < 0.010 AND vol(10) > 0.13))"
2,3,7,0.6714074587261073,0.28637095487284825,59,"ENTRY (ml_prob < 0.56 OR mom(5) < -0.125) | EXIT (rsi(2) > 56.2 AND (ma_spread(50,200) < 0.010 AND vol(10) > 0.13))"
2,3,8,0.6714074587261073,0.36824585678809846,56,"ENTRY (ml_prob < 0.56 OR mom(5) < -0.125) | EXIT (rsi(2) > 56.2 AND (ma_spread(50,200) < 0.010 AND vol(10) > 0.13))"
2,3,9,0.6714074587261073,0.2179092791227437,57,"ENTRY (ml_prob < 0.56 OR mom(5) < -0.125) | EXIT (rsi(2) > 56.2 AND (ma_spread(50,200) < 0.010 AND vol(10) > 0.13))"
2,3,10,0.6715515963438473,0.14498490246022105,56,"ENTRY (ml_prob < 0.56 OR mom(5) < -0.125) | EXIT (rsi(2) > 56.2 AND (ma_spread(50,200) < 0.010 AND vol(10) > 0.12))"
2,3,11,0.6715515963438473,0.3843581921994642,57,"ENTRY (ml_prob < 0.56 OR mom(5) < -0.125) | EXIT (rsi(2) > 56.2 AND (ma_spread(50,200) < 0.010 AND vol(10) > 0.12))"
2,3,12,0.6715515963438473,0.32984492767991397,57,"ENTRY (ml_prob < 0.56 OR mom(5) < -0.125) | EXIT (rsi(2) > 56.2 AND (ma_spread(50,200) < 0.010 AND vol(10) > 0.12))"
2,3,13,0.6715515963438473,0.2899030163725009,58,"ENTRY (ml_prob < 0.56 OR mom(5) < -0.125) | EXIT (rsi(2) > 56.2 AND (ma_spread(50,200) < 0.010 AND vol(10) > 0.12))"
2,3,14,0.6807574970733511,0.40900213352890263,55,"ENTRY (ml_prob < 0.56 OR mom(5) < -0.125) | EXIT ((ma_spread(50,200) < 0.010 AND vol(20) > 0.13) AND rsi(2) > 56.2)"
2,3,15,0.6807574970733511,0.3949766626480575,55,"ENTRY (ml_prob < 0.56 OR mom(5) < -0.125) | EXIT ((ma_spread(50,200) < 0.010 AND vol(20) > 0.13) AND rsi(2) > 56.2)"
2,3,16,0.6807574970733511,0.30192467159401537,54,"ENTRY (ml_prob < 0.56 OR mom(5) < -0.125) | EXIT ((ma_spread(50,200) < 0.010 AND vol(20) > 0.13) AND rsi(2) > 56.2)"
2,3,17,0.6807574970733511,0.3654727344346687,54,"ENTRY (ml_prob < 0.56 OR mom(5) < -0.125) | EXIT ((ma_spread(50,200) < 0.010 AND vol(20) > 0.13) AND rsi(2) > 56.2)"
2,3,18,0.6807574970733511,0.30131760869184887,54,"ENTRY (ml_prob < 0.56 OR mom(5) < -0.125) | EXIT ((ma_spread(50,200) < 0.010 AND vol(20) > 0.13) AND rsi(2) > 56.2)"
2,3,19,0.6807574970733511,0.4275967604415261,49,"ENTRY (ml_prob < 0.56 OR mom(5) < -0.125) | EXIT ((ma_spread(50,200) < 0.010 AND vol(20) > 0.13) AND rsi(2) > 56.2)"
2,3,20,0.6807574970733511,0.2927673214979453,53,"ENTRY (ml_prob < 0.56 OR mom(5) < -0.125) | EXIT ((ma_spread(50,200) < 0.010 AND vol(20) > 0.13) AND rsi(2) > 56.2)"
2,3,21,0.6807574970733511,0.21932015609156555,53,"ENTRY (ml_prob < 0.56 OR mom(5) < -0.125) | EXIT ((ma_spread(50,200) < 0.010 AND vol(20) > 0.13) AND rsi(2) > 56.2)"
2,3,22,0.6807574970733511,0.2871938551524475,54,"ENTRY (ml_prob < 0.56 OR mom(5) < -0.125) | EXIT ((ma_spread(50,200) < 0.010 AND vol(20) > 0.13) AND rsi(2) > 56.2)"
2,3,23,0.6807574970733511,0.38739901059530457,48,"ENTRY (ml_prob < 0.56 OR mom(5) < -0.125) | EXIT ((ma_spread(50,200) < 0.010 AND vol(20) > 0.13) AND rsi(2) > 56.2)"
2,3,24,0.6829135392986632,0.2538143312146949,53,"ENTRY (ml_prob < 0.56 OR mom(5) < -0.150) | EXIT ((ma_spread(50,200) < 0.010 AND vol(20) > 0.13) AND rsi(2) > 56.2)"
2,4,0,0.6438882858389148,-0.2854502106049922,60,"ENTRY (ml_prob < 0.56 OR mom(5) < -0.150) | EXIT ((ma_spread(50,200) < 0.010 AND vol(20) > 0.13) AND rsi(2) > 56.2)"
2,4,1,0.6438882858389148,0.01750988030065182,60,"ENTRY (ml_prob < 0.56 OR mom(5) < -0.150) | EXIT ((ma_spread(50,200) < 0.010 AND vol(20) > 0.13) AND rsi(2) > 56.2)"
2,4,2,0.6438882858389148,0.17687562959590658,59,"ENTRY (ml_prob < 0.56 OR mom(5) < -0.150) | EXIT ((ma_spread(50,200) < 0.010 AND vol(20) > 0.13) AND rsi(2) > 56.2)"
2,4,3,0.6438882858389148,0.2790112315683279,56,"ENTRY (ml_prob < 0.56 OR mom(5) < -0.150) | EXIT ((ma_spread(50,200) < 0.010 AND vol(20) > 0.13) AND rsi(2) > 56.2)"
2,4,4,0.6438882858389148,0.13145380501514298,57,"ENTRY (ml_prob < 0.56 OR mom(5) < -0.150) | EXIT ((ma_spread(50,200) < 0.010 AND vol(20) > 0.13) AND rsi(2) > 56.2)"
2,4,5,0.6438882858389148,0.3496227132497926,58,"ENTRY (ml_prob < 0.56 OR mom(5) < -0.150) | EXIT ((ma_spread(50,200) < 0.010 AND vol(20) > 0.13) AND rsi(2) > 56.2)"
2,4,6,0.6439952160035267,0.2393880805574799,57,"ENTRY (mom(5) < -0.125 OR ml_prob < 0.55) | EXIT ((ma_spread(50,200) < 0.010 AND vol(20) > 0.13) AND rsi(2) > 56.2)"
2,4,7,0.6439952160035267,0.18748732249316222,56,"ENTRY (mom(5) < -0.125 OR ml_prob < 0.55) | EXIT ((ma_spread(50,200) < 0.010 AND vol(20) > 0.13) AND rsi(2) > 56.2)"
2,4,8,0.6439952160035267,0.33818001035374257,55,"ENTRY (mom(5) < -0.125 OR ml_prob < 0.55) | EXIT ((ma_spread(50,200) < 0.010 AND vol(20) > 0.13) AND rsi(2) > 56.2)"
2,4,9,0.6487737241700717,0.21433993140418656,55,"ENTRY (ml_prob < 0.56 OR mom(5) < -0.150) | EXIT ((ma_spread(50,200) < 0.010 AND vol(20) > 0.13) AND rsi(2) > 56.5)"
2,4,10,0.6487737241700717,0.026221659106853982,56,"ENTRY (ml_prob < 0.56 OR mom(5) < -0.150) | EXIT ((ma_spread(50,200) < 0.010 AND vol(20) > 0.13) AND rsi(2) > 56.5)"
2,4,11,0.6487737241700717,0.2931667639806524,56,"ENTRY (ml_prob < 0.56 OR mom(5) < -0.150) | EXIT ((ma_spread(50,200) < 0.010 AND vol(20) > 0.13) AND rsi(2) > 56.5)"
2,4,12,0.6487737241700717,0.2905801061771088,57,"ENTRY (ml_prob < 0.56 OR mom(5) < -0.150) | EXIT ((ma_spread(50,200) < 0.010 AND vol(20) > 0.13) AND rsi(2) > 56.5)"
2,4,13,0.6487737241700717,0.28423383791209916,54,"ENTRY (ml_prob < 0.56 OR mom(5) < -0.150) | EXIT ((ma_spread(50,200) < 0.010 AND vol(20) > 0.13) AND rsi(2) > 56.5)"
2,4,14,0.6487737241700717,0.2728015045794045,56,"ENTRY (ml_prob < 0.56 OR mom(5) < -0.150) | EXIT ((ma_spread(50,200) < 0.010 AND vol(20) > 0.13) AND rsi(2) > 56.5)"
2,4,15,0.6487737241700717,0.2539316494986295,56,"ENTRY (ml_prob < 0.56 OR mom(5) < -0.150) | EXIT ((ma_spread(50,200) < 0.010 AND vol(20) > 0.13) AND rsi(2) > 56.5)"
2,4,16,0.6487737241700717,0.2701131223508072,59,"ENTRY (ml_prob < 0.56 OR mom(5) < -0.150) | EXIT ((ma_spread(50,200) < 0.010 AND vol(20) > 0.13) AND rsi(2) > 56.5)"
2,4,17,0.6487737241700717,0.24989393808142518,58,"ENTRY (ml_prob < 0.56 OR mom(5) < -0.150) | EXIT ((ma_spread(50,200) < 0.010 AND vol(20) > 0.13) AND rsi(2) > 56.5)"
2,4,18,0.6487737241700717,0.2404020491722253,57,"ENTRY (ml_prob < 0.56 OR mom(5) < -0.150) | EXIT ((ma_spread(50,200) < 0.010 AND vol(20) > 0.13) AND rsi(2) > 56.5)"
2,4,19,0.6487737241700717,0.2694430615838262,56,"ENTRY (ml_prob < 0.56 OR mom(5) < -0.150) | EXIT ((ma_spread(50,200) < 0.010 AND vol(20) > 0.13) AND rsi(2) > 56.5)"
2,4,20,0.6487737241700717,0.24954260045465756,54,"ENTRY (ml_prob < 0.56 OR mom(5) < -0.150) | EXIT ((ma_spread(50,200) < 0.010 AND vol(20) > 0.13) AND rsi(2) > 56.5)"
2,4,21,0.6487737241700717,0.14224877720819093,56,"ENTRY (ml_prob < 0.56 OR mom(5) < -0.150) | EXIT ((ma_spread(50,200) < 0.010 AND vol(20) > 0.13) AND rsi(2) > 56.5)"
2,4,22,0.6487737241700717,0.20733017143610966,56,"ENTRY (ml_prob < 0.56 OR mom(5) < -0.150) | EXIT ((ma_spread(50,200) < 0.010 AND vol(20) > 0.13) AND rsi(2) > 56.5)"
2,4,23,0.6487737241700717,0.26875903868368345,54,"ENTRY (ml_prob < 0.56 OR mom(5) < -0.150) | EXIT ((ma_spread(50,200) < 0.010 AND vol(20) > 0.13) AND rsi(2) > 56.5)"
2,4,24,0.6487737241700717,0.3120349062132732,55,"ENTRY (ml_prob < 0.56 OR mom(5) < -0.150) | EXIT ((ma_spread(50,200) < 0.010 AND vol(20) > 0.13) AND rsi(2) > 56.5)"
3,0,0,0.3922442972540571,-0.4180961939855853,60,ENTRY (trend(10) < 0.033 AND rsi(14) < 76.0) | EXIT NOT (trend(10) < 0.033 AND rsi(14) < 76.0)
3,0,1,0.42284109330225567,-0.0976933095225211,59,ENTRY NOT (zscore(10) > -1.10 OR trend(100) < -0.076) | EXIT NOT (trend(100) > -0.073 OR zscore(10) > 2.37)
3,0,2,0.4428410933022557,-0.08724295991662384,59,ENTRY NOT (zscore(10) > -1.10 OR trend(100) < -0.076) | EXIT NOT trend(100) > -0.073
3,0,3,0.4428410933022557,-0.21915547380414493,58,ENTRY NOT (zscore(10) > -1.10 OR trend(100) < -0.076) | EXIT NOT trend(100) > -0.073
3,0,4,0.4428410933022557,-0.1420734627135655,59,ENTRY NOT (zscore(10) > -1.10 OR trend(100) < -0.076) | EXIT NOT trend(100) > -0.073
3,0,5,0.4690987580269878,-0.10415533377619156,59,"ENTRY ma_spread(10,100) > 0.014 | EXIT NOT (trend(10) < 0.033 AND rsi(14) < 76.0)"
3,0,6,0.4863611869668028,0.12149247401758609,58,ENTRY trend(10) < 0.014 | EXIT NOT (trend(10) < 0.033 AND rsi(14) < 76.0)
3,0,7,0.4863611869668028,-0.1382966883860734,58,ENTRY trend(10) < 0.014 | EXIT NOT (trend(10) < 0.033 AND rsi(14) < 76.0)
3,0,8,0.4863611869668028,-0.0025251463382545063,59,ENTRY trend(10) < 0.014 | EXIT NOT (trend(10) < 0.033 AND rsi(14) < 76.0)
3,0,9,0.5075899017761701,0.1247899471946851,56,ENTRY (trend(10) < 0.002 AND mom(63) > 0.091) | EXIT NOT trend(10) < 0.033
3,0,10,0.5853639879075276,0.11702275474890868,58,"ENTRY (ma_spread(10,100) > 0.014 AND mom(63) > 0.091) | EXIT NOT trend(10) < 0.033"
3,0,11,0.5853639879075276,-0.0979609165618023,58,"ENTRY (ma_spread(10,100) > 0.014 AND mom(63) > 0.091) | EXIT NOT trend(10) < 0.033"
3,0,12,0.5853639879075276,-0.13436082738428823,57,"ENTRY (ma_spread(10,100) > 0.014 AND mom(63) > 0.091) | EXIT NOT trend(10) < 0.033"
3,0,13,0.5874358981210275,0.12275975216635492,56,ENTRY mom(63) > 0.091 | EXIT NOT trend(10) < 0.033
3,0,14,0.5874358981210275,-0.05731815766039373,58,ENTRY mom(63) > 0.091 | EXIT NOT trend(10) < 0.033
3,0,15,0.5874358981210275,-0.0297805246242975,56,ENTRY mom(63) > 0.091 | EXIT NOT trend(10) < 0.033
3,0,16,0.5953639879075276,-0.025246216963253184,56,"ENTRY (ma_spread(10,100) > 0.014 AND mom(63) > 0.091) | EXIT trend(10) > 0.033"
3,0,17,0.5953639879075276,0.07346602502422286,55,"ENTRY (ma_spread(10,100) > 0.014 AND mom(63) > 0.091) | EXIT trend(10) > 0.033"
3,0,18,0.6128967425227061,-0.18078646770627677,58,ENTRY mom(63) > 0.085 | EXIT NOT trend(10) < 0.033
3,0,19,0.6128967425227061,-0.058995723754451314,52,ENTRY mom(63) > 0.085 | EXIT NOT trend(10) < 0.033
3,0,20,0.6128967425227061,0.07460529885573802,54,ENTRY mom(63) > 0.085 | EXIT NOT trend(10) < 0.033
3,0,21,0.6128967425227061,0.08908542519249678,51,ENTRY mom(63) > 0.085 | EXIT NOT trend(10) < 0.033
3,0,22,0.6128967425227061,0.10990640451081614,57,ENTRY mom(63) > 0.085 | EXIT NOT trend(10) < 0.033
3,0,23,0.6138294571389105,0.19034841612821285,54,"ENTRY mom(63) > 0.089 | EXIT NOT (trend(10) < 0.033 OR ma_spread(20,200) > 0.040)"
3,0,24,0.6138294571389105,0.16865707397195623,55,"ENTRY mom(63) > 0.089 | EXIT NOT (trend(10) < 0.033 OR ma_spread(20,200) > 0.040)"
3,1,0,0.6462050706401791,-0.23287210426094995,60,"ENTRY mom(63) > 0.089 | EXIT NOT (trend(10) < 0.033 OR ma_spread(20,200) > 0.040)"
3,1,1,0.6462050706401791,0.005171707949634256,58,"ENTRY mom(63) > 0.089 | EXIT NOT (trend(10) < 0.033 OR ma_spread(20,200) > 0.040)"
3,1,2,0.6462050706401791,0.1271757777975432,54,"ENTRY mom(63) > 0.089 | EXIT NOT (trend(10) < 0.033 OR ma_spread(20,200) > 0.040)"
3,1,3,0.6543557912319695,0.07778800967771728,52,"ENTRY mom(63) > 0.085 | EXIT NOT (trend(10) < 0.033 OR ma_spread(20,200) > 0.040)"
3,1,4,0.6543557912319695,0.1873257729154722,54,"ENTRY mom(63) > 0.085 | EXIT NOT (trend(10) < 0.033 OR ma_spread(20,200) > 0.040)"
3,1,5,0.6543557912319695,-0.147323103525043,56,"ENTRY mom(63) > 0.085 | EXIT NOT (trend(10) < 0.033 OR ma_spread(20,200) > 0.040)"
3,1,6,0.6578939062622889,0.15289891643699932,57,ENTRY mom(63) > 0.089 | EXIT (trend(10) > 0.033 AND mom(126) < 0.149)
3,1,7,0.6642719693579049,0.027152732325910874,57,"ENTRY mom(63) > 0.081 | EXIT NOT (trend(10) < 0.033 OR ma_spread(20,200) > 0.040)"
3,1,8,0.6642719693579049,0.1934302711622168,59,"ENTRY mom(63) > 0.081 | EXIT NOT (trend(10) < 0.033 OR ma_spread(20,200) > 0.040)"
3,1,9,0.6642719693579049,0.07707101389333672,57,"ENTRY mom(63) > 0.081 | EXIT NOT (trend(10) < 0.033 OR ma_spread(20,200) > 0.040)"
3,1,10,0.6664443254555302,0.3177772730081823,56,"ENTRY mom(63) > 0.081 | EXIT NOT (trend(10) < 0.033 OR ma_spread(20,200) > 0.036)"
3,1,11,0.6664443254555302,0.1523177513103027,55,"ENTRY mom(63) > 0.081 | EXIT NOT (trend(10) < 0.033 OR ma_spread(20,200) > 0.036)"
3,1,12,0.6674947073261888,0.2228399404655736,57,"ENTRY mom(63) > 0.082 | EXIT NOT (trend(10) < 0.033 OR ma_spread(20,200) > 0.036)"
3,1,13,0.6674947073261888,0.18459645624454246,53,"ENTRY mom(63) > 0.082 | EXIT NOT (trend(10) < 0.033 OR ma_spread(20,200) > 0.036)"
3,1,14,0.6674947073261888,0.16300524796971008,57,"ENTRY mom(63) > 0.082 | EXIT NOT (trend(10) < 0.033 OR ma_spread(20,200) > 0.036)"
3,1,15,0.6683075686641718,0.11580829638105873,58,"ENTRY mom(63) > 0.081 | EXIT NOT (trend(10) < 0.033 OR ma_spread(20,200) > 0.033)"
3,1,16,0.6683075686641718,0.08758890146711093,59,"ENTRY mom(63) > 0.081 | EXIT NOT (trend(10) < 0.033 OR ma_spread(20,200) > 0.033)"
3,1,17,0.6683075686641718,0.06574297753760608,59,"ENTRY mom(63) > 0.081 | EXIT NOT (trend(10) < 0.033 OR ma_spread(20,200) > 0.033)"
3,1,18,0.6683075686641718,0.15407007761067343,57,"ENTRY mom(63) > 0.081 | EXIT NOT (trend(10) < 0.033 OR ma_spread(20,200) > 0.033)"
3,1,19,0.6693097610364251,0.04215025275042128,56,"ENTRY mom(63) > 0.082 | EXIT NOT (trend(10) < 0.033 OR ma_spread(20,200) > 0.033)"
3,1,20,0.6693097610364251,0.22525962961035015,57,"ENTRY mom(63) > 0.082 | EXIT NOT (trend(10) < 0.033 OR ma_spread(20,200) > 0.033)"
3,1,21,0.6693097610364251,0.17374441071622174,59,"ENTRY mom(63) > 0.082 | EXIT NOT (trend(10) < 0.033 OR ma_spread(20,200) > 0.033)"
3,1,22,0.6693097610364251,0.21502170579250127,55,"ENTRY mom(63) > 0.082 | EXIT NOT (trend(10) < 0.033 OR ma_spread(20,200) > 0.033)"
3,1,23,0.6693097610364251,0.18540524003097414,56,"ENTRY mom(63) > 0.082 | EXIT NOT (trend(10) < 0.033 OR ma_spread(20,200) > 0.033)"
3,1,24,0.6693097610364251,0.29299934942617134,55,"ENTRY mom(63) > 0.082 | EXIT NOT (trend(10) < 0.033 OR ma_spread(20,200) > 0.033)"
3,2,0,0.5640923516705374,-0.2775200045260678,60,ENTRY mom(63) > 0.084 | EXIT (trend(10) > 0.033 AND mom(126) < 0.149)
3,2,1,0.5640923516705374,-0.023295746603280338,60,ENTRY mom(63) > 0.084 | EXIT (trend(10) > 0.033 AND mom(126) < 0.149)
3,2,2,0.5640923516705374,-0.03827452628695003,60,ENTRY mom(63) > 0.084 | EXIT (trend(10) > 0.033 AND mom(126) < 0.149)
3,2,3,0.5640923516705374,0.03428748613082345,56,ENTRY mom(63) > 0.084 | EXIT (trend(10) > 0.033 AND mom(126) < 0.149)
3,2,4,0.5640923516705374,0.03189579637805625,56,ENTRY mom(63) > 0.084 | EXIT (trend(10) > 0.033 AND mom(126) < 0.149)
3,2,5,0.5640923516705374,0.2822425994570569,56,ENTRY mom(63) > 0.084 | EXIT (trend(10) > 0.033 AND mom(126) < 0.149)
3,2,6,0.5640923516705374,0.23364515094516297,50,ENTRY mom(63) > 0.084 | EXIT (trend(10) > 0.033 AND mom(126) < 0.149)
3,2,7,0.5714715373360264,0.11391569372412584,53,ENTRY mom(63) > 0.084 | EXIT (trend(10) > 0.033 AND mom(126) < 0.121)
3,2,8,0.5714715373360264,0.18627815631458275,54,ENTRY mom(63) > 0.084 | EXIT (trend(10) > 0.033 AND mom(126) < 0.121)
3,2,9,0.5714715373360264,0.1654152900440008,56,ENTRY mom(63) > 0.084 | EXIT (trend(10) > 0.033 AND mom(126) < 0.121)
3,2,10,0.5714715373360264,0.04240776669704438,52,ENTRY mom(63) > 0.084 | EXIT (trend(10) > 0.033 AND mom(126) < 0.121)
3,2,11,0.5717843100360996,0.2279111350968886,51,ENTRY mom(63) > 0.080 | EXIT (trend(10) > 0.033 AND mom(126) < 0.121)
3,2,12,0.5717843100360996,0.2548540870908197,48,ENTRY mom(63) > 0.080 | EXIT (trend(10) > 0.033 AND mom(126) < 0.121)
3,2,13,0.5744299221286026,0.16462290758135575,50,ENTRY mom(63) > 0.081 | EXIT (trend(10) > 0.033 AND mom(126) < 0.121)
3,2,14,0.5744299221286026,0.22230802420127954,51,ENTRY mom(63) > 0.081 | EXIT (trend(10) > 0.033 AND mom(126) < 0.121)
3,2,15,0.5958978822701753,0.26532833811399786,51,ENTRY trend(100) > 0.069 | EXIT (trend(10) > 0.033 AND mom(126) < 0.121)
3,2,16,0.5958978822701753,0.2016232468568566,54,ENTRY trend(100) > 0.069 | EXIT (trend(10) > 0.033 AND mom(126) < 0.121)
3,2,17,0.5958978822701753,0.22020360260136823,53,ENTRY trend(100) > 0.069 | EXIT (trend(10) > 0.033 AND mom(126) < 0.121)
3,2,18,0.5964070458782857,0.16932976480781511,56,ENTRY trend(100) > 0.069 | EXIT (trend(10) > 0.033 AND mom(126) < 0.120)
3,2,19,0.5964070458782857,0.25916923375237777,51,ENTRY trend(100) > 0.069 | EXIT (trend(10) > 0.033 AND mom(126) < 0.120)
3,2,20,0.5964070458782857,0.3577821022220877,55,ENTRY trend(100) > 0.069 | EXIT (trend(10) > 0.033 AND mom(126) < 0.120)
3,2,21,0.5964070458782857,0.1254948857078641,52,ENTRY trend(100) > 0.069 | EXIT (trend(10) > 0.033 AND mom(126) < 0.120)
3,2,22,0.5964070458782857,0.2683736653710921,51,ENTRY trend(100) > 0.069 | EXIT (trend(10) > 0.033 AND mom(126) < 0.120)
3,2,23,0.5964070458782857,0.29004682227827006,55,ENTRY trend(100) > 0.069 | EXIT (trend(10) > 0.033 AND mom(126) < 0.120)
3,2,24,0.5964070458782857,0.29335783386384495,57,ENTRY trend(100) > 0.069 | EXIT (trend(10) > 0.033 AND mom(126) < 0.120)
3,3,0,0.5902858449289635,-0.27662644549465526,60,ENTRY trend(100) > 0.069 | EXIT (trend(10) > 0.033 AND mom(126) < 0.139)
3,3,1,0.5902858449289635,0.0677151870814621,57,ENTRY trend(100) > 0.069 | EXIT (trend(10) > 0.033 AND mom(126) < 0.139)
3,3,2,0.5902858449289635,0.0502942793458079,54,ENTRY trend(100) > 0.069 | EXIT (trend(10) > 0.033 AND mom(126) < 0.139)
3,3,3,0.5902858449289635,0.14954937952020111,48,ENTRY trend(100) > 0.069 | EXIT (trend(10) > 0.033 AND mom(126) < 0.139)
3,3,4,0.5902858449289635,0.1608782583720952,50,ENTRY trend(100) > 0.069 | EXIT (trend(10) > 0.033 AND mom(126) < 0.139)
3,3,5,0.5902858449289635,0.22978974739734348,48,ENTRY trend(100) > 0.069 | EXIT (trend(10) > 0.033 AND mom(126) < 0.139)
3,3,6,0.5902858449289635,0.30099938522920106,50,ENTRY trend(100) > 0.069 | EXIT (trend(10) > 0.033 AND mom(126) < 0.139)
3,3,7,0.5902858449289635,0.21871752920672502,50,ENTRY trend(100) > 0.069 | EXIT (trend(10) > 0.033 AND mom(126) < 0.139)
3,3,8,0.5902858449289635,0.27871764180714265,46,ENTRY trend(100) > 0.069 | EXIT (trend(10) > 0.033 AND mom(126) < 0.139)
3,3,9,0.5902858449289635,0.11474903468626628,51,ENTRY trend(100) > 0.069 | EXIT (trend(10) > 0.033 AND mom(126) < 0.139)
3,3,10,0.5902858449289635,0.1859616002946377,47,ENTRY trend(100) > 0.069 | EXIT (trend(10) > 0.033 AND mom(126) < 0.139)
3,3,11,0.5902858449289635,0.23380445955771773,48,ENTRY trend(100) > 0.069 | EXIT (trend(10) > 0.033 AND mom(126) < 0.139)
3,3,12,0.5902858449289635,0.23201113549922428,47,ENTRY trend(100) > 0.069 | EXIT (trend(10) > 0.033 AND mom(126) < 0.139)
3,3,13,0.5902858449289635,0.23932766546220197,45,ENTRY trend(100) > 0.069 | EXIT (trend(10) > 0.033 AND mom(126) < 0.139)
3,3,14,0.5902858449289635,0.3925586120545243,46,ENTRY trend(100) > 0.069 | EXIT (trend(10) > 0.033 AND mom(126) < 0.139)
3,3,15,0.5902858449289635,0.1890941532790496,52,ENTRY trend(100) > 0.069 | EXIT (trend(10) > 0.033 AND mom(126) < 0.139)
3,3,16,0.6020194178822402,0.11873247685567073,51,ENTRY trend(100) > 0.069 | EXIT (trend(10) > 0.030 AND mom(126) < 0.139)
3,3,17,0.6020194178822402,0.14506123488643385,51,ENTRY trend(100) > 0.069 | EXIT (trend(10) > 0.030 AND mom(126) < 0.139)
3,3,18,0.6020194178822402,0.26240740723454153,52,ENTRY trend(100) > 0.069 | EXIT (trend(10) > 0.030 AND mom(126) < 0.139)
3,3,19,0.6020194178822402,0.3056849994958569,49,ENTRY trend(100) > 0.069 | EXIT (trend(10) > 0.030 AND mom(126) < 0.139)
3,3,20,0.6020194178822402,0.15961293672803473,47,ENTRY trend(100) > 0.069 | EXIT (trend(10) > 0.030 AND mom(126) < 0.139)
3,3,21,0.6020194178822402,0.311414788616987,50,ENTRY trend(100) > 0.069 | EXIT (trend(10) > 0.030 AND mom(126) < 0.139)
3,3,22,0.608181610643645,0.35890265346493605,45,ENTRY trend(100) > 0.069 | EXIT (trend(10) > 0.030 AND mom(126) < 0.124)
3,3,23,0.608181610643645,0.1021474648815201,54,ENTRY trend(100) > 0.069 | EXIT (trend(10) > 0.030 AND mom(126) < 0.124)
3,3,24,0.608181610643645,0.2494445935854454,55,ENTRY trend(100) > 0.069 | EXIT (trend(10) > 0.030 AND mom(126) < 0.124)
3,4,0,0.5748657036499554,-0.27880622776175357,60,ENTRY trend(100) > 0.069 | EXIT (trend(10) > 0.030 AND mom(126) < 0.124)
3,4,1,0.5748657036499554,-0.1321922023921012,60,ENTRY trend(100) > 0.069 | EXIT (trend(10) > 0.030 AND mom(126) < 0.124)
3,4,2,0.5748657036499554,-0.027768213805724865,59,ENTRY trend(100) > 0.069 | EXIT (trend(10) > 0.030 AND mom(126) < 0.124)
3,4,3,0.5748657036499554,0.17866933870832258,55,ENTRY trend(100) > 0.069 | EXIT (trend(10) > 0.030 AND mom(126) < 0.124)
3,4,4,0.5748657036499554,0.1436660613424413,55,ENTRY trend(100) > 0.069 | EXIT (trend(10) > 0.030 AND mom(126) < 0.124)
3,4,5,0.5748657036499554,0.16828660005323645,55,ENTRY trend(100) > 0.069 | EXIT (trend(10) > 0.030 AND mom(126) < 0.124)
3,4,6,0.5748657036499554,0.11552603346174832,52,ENTRY trend(100) > 0.069 | EXIT (trend(10) > 0.030 AND mom(126) < 0.124)
3,4,7,0.5748657036499554,0.10683794111283787,50,ENTRY trend(100) > 0.069 | EXIT (trend(10) > 0.030 AND mom(126) < 0.124)
3,4,8,0.5748657036499554,0.1746711364146885,53,ENTRY trend(100) > 0.069 | EXIT (trend(10) > 0.030 AND mom(126) < 0.124)
3,4,9,0.5748657036499554,0.06349848665974658,53,ENTRY trend(100) > 0.069 | EXIT (trend(10) > 0.030 AND mom(126) < 0.124)
3,4,10,0.581090139342462,0.17968358670816834,52,ENTRY trend(100) > 0.055 | EXIT (trend(10) > 0.030 AND mom(126) < 0.124)
3,4,11,0.581090139342462,0.27266244246029897,53,ENTRY trend(100) > 0.055 | EXIT (trend(10) > 0.030 AND mom(126) < 0.124)
3,4,12,0.581090139342462,0.23249503410204458,48,ENTRY trend(100) > 0.055 | EXIT (trend(10) > 0.030 AND mom(126) < 0.124)
3,4,13,0.581090139342462,0.26006443861318906,47,ENTRY trend(100) > 0.055 | EXIT (trend(10) > 0.030 AND mom(126) < 0.124)
3,4,14,0.581090139342462,0.27070339649995767,50,ENTRY trend(100) > 0.055 | EXIT (trend(10) > 0.030 AND mom(126) < 0.124)
3,4,15,0.581090139342462,0.22846235434180154,50,ENTRY trend(100) > 0.055 | EXIT (trend(10) > 0.030 AND mom(126) < 0.124)
3,4,16,0.5811385963762775,0.2311608709071243,52,ENTRY trend(100) > 0.055 | EXIT (trend(10) > 0.030 AND mom(126) < 0.123)
3,4,17,0.5811385963762775,0.25963582452272166,49,ENTRY trend(100) > 0.055 | EXIT (trend(10) > 0.030 AND mom(126) < 0.123)
3,4,18,0.5811385963762775,0.2104467995307509,46,ENTRY trend(100) > 0.055 | EXIT (trend(10) > 0.030 AND mom(126) < 0.123)
3,4,19,0.5814063549977071,0.35814785727959125,50,ENTRY trend(100) > 0.055 | EXIT (trend(10) > 0.030 AND mom(126) < 0.122)
3,4,20,0.5814063549977071,0.2711539629074531,54,ENTRY trend(100) > 0.055 | EXIT (trend(10) > 0.030 AND mom(126) < 0.122)
3,4,21,0.5814063549977071,0.22551016863450932,48,ENTRY trend(100) > 0.055 | EXIT (trend(10) > 0.030 AND mom(126) < 0.122)
3,4,22,0.5814063549977071,0.23396462971014154,45,ENTRY trend(100) > 0.055 | EXIT (trend(10) > 0.030 AND mom(126) < 0.122)
3,4,23,0.5814063549977071,0.22114654814144963,54,ENTRY trend(100) > 0.055 | EXIT (trend(10) > 0.030 AND mom(126) < 0.122)
3,4,24,0.5814063549977071,0.2531858532922603,54,ENTRY trend(100) > 0.055 | EXIT (trend(10) > 0.030 AND mom(126) < 0.122)
4,0,0,0.38755238704176437,-0.5224715711449498,60,ENTRY trend(10) < -0.020 | EXIT rsi(2) > 70.0
4,0,1,0.4255286124842524,-0.30107831579153316,59,ENTRY vol(20) < 0.16 | EXIT ((mom(20) > 0.092 AND rsi(2) < 83.9) OR (ml_prob < 0.59 AND zscore(50) < -1.31))
4,0,2,0.4255286124842524,-0.02377264727224521,59,ENTRY vol(20) < 0.16 | EXIT ((mom(20) > 0.092 AND rsi(2) < 83.9) OR (ml_prob < 0.59 AND zscore(50) < -1.31))
4,0,3,0.45311745795661357,0.143310738528262,59,ENTRY vol(20) < 0.16 | EXIT ((mom(20) > 0.092 AND rsi(2) < 83.9) OR ml_prob < 0.41)
4,0,4,0.47622591216059545,0.15852897286063977,57,ENTRY vol(20) < 0.16 | EXIT ((trend(100) > -0.075 OR rsi(2) > 70.0) AND zscore(100) < -1.66)
4,0,5,0.5556196223036501,0.17627644564096034,55,ENTRY vol(20) < 0.16 | EXIT mom(20) > 0.058
4,0,6,0.5556196223036501,0.09955321155411963,57,ENTRY vol(20) < 0.16 | EXIT mom(20) > 0.058
4,0,7,0.5556196223036501,0.10541496712496627,57,ENTRY vol(20) < 0.16 | EXIT mom(20) > 0.058
4,0,8,0.5556196223036501,0.23206058103737742,56,ENTRY vol(20) < 0.16 | EXIT mom(20) > 0.058
4,0,9,0.5556196223036501,0.21010455144199217,52,ENTRY vol(20) < 0.16 | EXIT mom(20) > 0.058
4,0,10,0.5558822349721135,0.30762140305211755,53,ENTRY vol(20) < 0.16 | EXIT mom(20) > 0.064
4,0,11,0.5558822349721135,0.15766607161455357,53,ENTRY vol(20) < 0.16 | EXIT mom(20) > 0.064
4,0,12,0.5558822349721135,0.2644369386158443,49,ENTRY vol(20) < 0.16 | EXIT mom(20) > 0.064
4,0,13,0.5558822349721135,0.3621766988519747,45,ENTRY vol(20) < 0.16 | EXIT mom(20) > 0.064
4,0,14,0.5558822349721135,0.20500682215193533,43,ENTRY vol(20) < 0.16 | EXIT mom(20) > 0.064
4,0,15,0.5612093059695105,0.32771058974966194,43,ENTRY vol(20) < 0.16 | EXIT mom(20) > 0.057
4,0,16,0.5639414516741109,0.36140315227334513,38,ENTRY vol(20) < 0.16 | EXIT mom(20) > 0.059
4,0,17,0.5639414516741109,0.259189922045444,42,ENTRY vol(20) < 0.16 | EXIT mom(20) > 0.059
4,0,18,0.5639414516741109,0.20445596397555385,46,ENTRY vol(20) < 0.16 | EXIT mom(20) > 0.059
4,0,19,0.5639414516741109,0.261406785184577,43,ENTRY vol(20) < 0.16 | EXIT mom(20) > 0.059
4,0,20,0.5639414516741109,0.1852800015428681,44,ENTRY vol(20) < 0.16 | EXIT mom(20) > 0.059
4,0,21,0.5639414516741109,0.2909605235777008,43,ENTRY vol(20) < 0.16 | EXIT mom(20) > 0.059
4,0,22,0.5639414516741109,0.2891435705684894,41,ENTRY vol(20) < 0.16 | EXIT mom(20) > 0.059
4,0,23,0.5639414516741109,0.2827185917776102,39,ENTRY vol(20) < 0.16 | EXIT mom(20) > 0.059
4,0,24,0.5725234437571985,0.2992495053417914,44,ENTRY (vol(20) < 0.16 OR vol(10) < 0.12) | EXIT mom(20) > 0.059
4,1,0,0.6439088513815712,-0.3452786870340565,60,ENTRY (vol(20) < 0.16 OR vol(10) < 0.12) | EXIT mom(20) > 0.059
4,1,1,0.6439088513815712,0.15331347576206658,56,ENTRY (vol(20) < 0.16 OR vol(10) < 0.12) | EXIT mom(20) > 0.059
4,1,2,0.6512658999547136,0.1803571139291917,50,ENTRY (vol(20) < 0.16 OR vol(10) < 0.12) | EXIT mom(20) > 0.057
4,1,3,0.6512658999547136,0.3380811599973189,45,ENTRY (vol(20) < 0.16 OR vol(10) < 0.12) | EXIT mom(20) > 0.057
4,1,4,0.6512658999547136,0.35077752609929114,48,ENTRY (vol(20) < 0.16 OR vol(10) < 0.12) | EXIT mom(20) > 0.057
4,1,5,0.6512658999547136,0.21341220137083378,50,ENTRY (vol(20) < 0.16 OR vol(10) < 0.12) | EXIT mom(20) > 0.057
4,1,6,0.6512658999547136,0.2513562325622997,50,ENTRY (vol(20) < 0.16 OR vol(10) < 0.12) | EXIT mom(20) > 0.057
4,1,7,0.6512658999547136,0.2580515066074336,52,ENTRY (vol(20) < 0.16 OR vol(10) < 0.12) | EXIT mom(20) > 0.057
4,1,8,0.6512658999547136,0.3588724847650594,49,ENTRY (vol(20) < 0.16 OR vol(10) < 0.12) | EXIT mom(20) > 0.057
4,1,9,0.6512658999547136,0.3225208485989548,45,ENTRY (vol(20) < 0.16 OR vol(10) < 0.12) | EXIT mom(20) > 0.057
4,1,10,0.6512658999547136,0.32309709440484186,44,ENTRY (vol(20) < 0.16 OR vol(10) < 0.12) | EXIT mom(20) > 0.057
4,1,11,0.6512658999547136,0.3410717174228527,41,ENTRY (vol(20) < 0.16 OR vol(10) < 0.12) | EXIT mom(20) > 0.057
4,1,12,0.6512658999547136,0.4174741468579498,42,ENTRY (vol(20) < 0.16 OR vol(10) < 0.12) | EXIT mom(20) > 0.057
4,1,13,0.6512658999547136,0.29398469851346304,39,ENTRY (vol(20) < 0.16 OR vol(10) < 0.12) | EXIT mom(20) > 0.057
4,1,14,0.6512658999547136,0.28937296755411135,41,ENTRY (vol(20) < 0.16 OR vol(10) < 0.12) | EXIT mom(20) > 0.057
4,1,15,0.6539521474632635,0.3078435111498822,50,ENTRY (vol(20) < 0.16 OR vol(10) < 0.12) | EXIT (mom(20) > 0.057 AND mom(5) > 0.013)
4,1,16,0.6539521474632635,0.3048176990718814,48,ENTRY (vol(20) < 0.16 OR vol(10) < 0.12) | EXIT (mom(20) > 0.057 AND mom(5) > 0.013)
4,1,17,0.6539521474632635,0.1939551413099793,52,ENTRY (vol(20) < 0.16 OR vol(10) < 0.12) | EXIT (mom(20) > 0.057 AND mom(5) > 0.013)
4,1,18,0.6539521474632635,0.364521475177212,47,ENTRY (vol(20) < 0.16 OR vol(10) < 0.12) | EXIT (mom(20) > 0.057 AND mom(5) > 0.013)
4,1,19,0.6539521474632635,0.29848792679392105,45,ENTRY (vol(20) < 0.16 OR vol(10) < 0.12) | EXIT (mom(20) > 0.057 AND mom(5) > 0.013)
4,1,20,0.6569553259805947,0.37355168058907945,51,ENTRY (vol(20) < 0.16 OR vol(10) < 0.12) | EXIT (mom(20) > 0.057 AND mom(5) > 0.018)
4,1,21,0.6569553259805947,0.3767830217001317,46,ENTRY (vol(20) < 0.16 OR vol(10) < 0.12) | EXIT (mom(20) > 0.057 AND mom(5) > 0.018)
4,1,22,0.6569553259805947,0.35809896839885746,49,ENTRY (vol(20) < 0.16 OR vol(10) < 0.12) | EXIT (mom(20) > 0.057 AND mom(5) > 0.018)
4,1,23,0.6569553259805947,0.40685628005766833,52,ENTRY (vol(20) < 0.16 OR vol(10) < 0.12) | EXIT (mom(20) > 0.057 AND mom(5) > 0.018)
4,1,24,0.6569553259805947,0.23238208872391672,52,ENTRY (vol(20) < 0.16 OR vol(10) < 0.12) | EXIT (mom(20) > 0.057 AND mom(5) > 0.018)
4,2,0,0.5651859224431546,-0.3741506292916076,60,ENTRY (vol(20) < 0.16 OR vol(10) < 0.12) | EXIT (mom(20) > 0.057 AND mom(5) > 0.018)
4,2,1,0.5651859224431546,0.026244533487431016,60,ENTRY (vol(20) < 0.16 OR vol(10) < 0.12) | EXIT (mom(20) > 0.057 AND mom(5) > 0.018)
4,2,2,0.5651859224431546,0.09489057773137236,57,ENTRY (vol(20) < 0.16 OR vol(10) < 0.12) | EXIT (mom(20) > 0.057 AND mom(5) > 0.018)
4,2,3,0.5651859224431546,0.13641039464867583,56,ENTRY (vol(20) < 0.16 OR vol(10) < 0.12) | EXIT (mom(20) > 0.057 AND mom(5) > 0.018)
4,2,4,0.5651859224431546,0.21713753999061325,54,ENTRY (vol(20) < 0.16 OR vol(10) < 0.12) | EXIT (mom(20) > 0.057 AND mom(5) > 0.018)
4,2,5,0.5651859224431546,0.12813492822027564,53,ENTRY (vol(20) < 0.16 OR vol(10) < 0.12) | EXIT (mom(20) > 0.057 AND mom(5) > 0.018)
4,2,6,0.5651859224431546,0.16648243363896303,55,ENTRY (vol(20) < 0.16 OR vol(10) < 0.12) | EXIT (mom(20) > 0.057 AND mom(5) > 0.018)
4,2,7,0.5651859224431546,0.17480750467344291,54,ENTRY (vol(20) < 0.16 OR vol(10) < 0.12) | EXIT (mom(20) > 0.057 AND mom(5) > 0.018)
4,2,8,0.5651859224431546,0.3536106467915736,54,ENTRY (vol(20) < 0.16 OR vol(10) < 0.12) | EXIT (mom(20) > 0.057 AND mom(5) > 0.018)
4,2,9,0.5651859224431546,0.35091690177634566,52,ENTRY (vol(20) < 0.16 OR vol(10) < 0.12) | EXIT (mom(20) > 0.057 AND mom(5) > 0.018)
4,2,10,0.5651859224431546,0.3954383931313629,49,ENTRY (vol(20) < 0.16 OR vol(10) < 0.12) | EXIT (mom(20) > 0.057 AND mom(5) > 0.018)
4,2,11,0.5651859224431546,0.27766850643853935,49,ENTRY (vol(20) < 0.16 OR vol(10) < 0.12) | EXIT (mom(20) > 0.057 AND mom(5) > 0.018)
4,2,12,0.5651859224431546,0.2874143166183726,53,ENTRY (vol(20) < 0.16 OR vol(10) < 0.12) | EXIT (mom(20) > 0.057 AND mom(5) > 0.018)
4,2,13,0.5651859224431546,0.28855185281145523,50,ENTRY (vol(20) < 0.16 OR vol(10) < 0.12) | EXIT (mom(20) > 0.057 AND mom(5) > 0.018)
4,2,14,0.5675375879949236,0.32315266911383167,49,ENTRY vol(20) < 0.16 | EXIT (mom(20) > 0.057 AND mom(5) > 0.021)
4,2,15,0.5675375879949236,0.24308801387069884,52,ENTRY vol(20) < 0.16 | EXIT (mom(20) > 0.057 AND mom(5) > 0.021)
4,2,16,0.5675375879949236,0.32243874818800317,52,ENTRY vol(20) < 0.16 | EXIT (mom(20) > 0.057 AND mom(5) > 0.021)
4,2,17,0.5675375879949236,0.24733289013026946,57,ENTRY vol(20) < 0.16 | EXIT (mom(20) > 0.057 AND mom(5) > 0.021)
4,2,18,0.5675375879949236,0.2686938004797022,49,ENTRY vol(20) < 0.16 | EXIT (mom(20) > 0.057 AND mom(5) > 0.021)
4,2,19,0.5675375879949236,0.17495895702170913,57,ENTRY vol(20) < 0.16 | EXIT (mom(20) > 0.057 AND mom(5) > 0.021)
4,2,20,0.5675375879949236,0.2297317710531361,57,ENTRY vol(20) < 0.16 | EXIT (mom(20) > 0.057 AND mom(5) > 0.021)
4,2,21,0.5774652925227777,0.28262055224353433,55,ENTRY vol(20) < 0.16 | EXIT (mom(20) > 0.057 AND mom(5) > 0.023)
4,2,22,0.5774652925227777,0.3053831891899549,53,ENTRY vol(20) < 0.16 | EXIT (mom(20) > 0.057 AND mom(5) > 0.023)
4,2,23,0.581196141597706,0.21277936407082748,51,ENTRY (vol(20) < 0.16 OR vol(10) < 0.12) | EXIT (mom(20) > 0.057 AND mom(5) > 0.023)
4,2,24,0.581196141597706,0.2685730251938358,56,ENTRY (vol(20) < 0.16 OR vol(10) < 0.12) | EXIT (mom(20) > 0.057 AND mom(5) > 0.023)
4,3,0,0.5983603052081059,-0.3581111098260442,60,ENTRY vol(10) < 0.12 | EXIT (mom(20) > 0.057 AND mom(5) > 0.023)
4,3,1,0.5983603052081059,0.023791528554687084,58,ENTRY vol(10) < 0.12 | EXIT (mom(20) > 0.057 AND mom(5) > 0.023)
4,3,2,0.5983603052081059,0.21169418934645018,60,ENTRY vol(10) < 0.12 | EXIT (mom(20) > 0.057 AND mom(5) > 0.023)
4,3,3,0.5983603052081059,0.3103048291454803,57,ENTRY vol(10) < 0.12 | EXIT (mom(20) > 0.057 AND mom(5) > 0.023)
4,3,4,0.5993235706340085,0.39283304196568275,52,ENTRY vol(10) < 0.12 | EXIT (mom(20) > 0.058 AND mom(5) > 0.023)
4,3,5,0.5993235706340085,0.2830106760505391,53,ENTRY vol(10) < 0.12 | EXIT (mom(20) > 0.058 AND mom(5) > 0.023)
4,3,6,0.5993235706340085,0.29618127997689553,45,ENTRY vol(10) < 0.12 | EXIT (mom(20) > 0.058 AND mom(5) > 0.023)
4,3,7,0.5993235706340085,0.3042033466999215,49,ENTRY vol(10) < 0.12 | EXIT (mom(20) > 0.058 AND mom(5) > 0.023)
4,3,8,0.5993235706340085,0.2383506050249962,49,ENTRY vol(10) < 0.12 | EXIT (mom(20) > 0.058 AND mom(5) > 0.023)
4,3,9,0.5993235706340085,0.33283669042910213,47,ENTRY vol(10) < 0.12 | EXIT (mom(20) > 0.058 AND mom(5) > 0.023)
4,3,10,0.5993235706340085,0.42011652822181383,41,ENTRY vol(10) < 0.12 | EXIT (mom(20) > 0.058 AND mom(5) > 0.023)
4,3,11,0.5993235706340085,-0.009131892336127686,51,ENTRY vol(10) < 0.12 | EXIT (mom(20) > 0.058 AND mom(5) > 0.023)
4,3,12,0.5993235706340085,0.38131037281248936,46,ENTRY vol(10) < 0.12 | EXIT (mom(20) > 0.058 AND mom(5) > 0.023)
4,3,13,0.5993235706340085,0.33330225703955674,45,ENTRY vol(10) < 0.12 | EXIT (mom(20) > 0.058 AND mom(5) > 0.023)
4,3,14,0.5993235706340085,0.23790960607529946,43,ENTRY vol(10) < 0.12 | EXIT (mom(20) > 0.058 AND mom(5) > 0.023)
4,3,15,0.5993235706340085,0.1452227741081191,51,ENTRY vol(10) < 0.12 | EXIT (mom(20) > 0.058 AND mom(5) > 0.023)
4,3,16,0.5993235706340085,0.2701465384939351,50,ENTRY vol(10) < 0.12 | EXIT (mom(20) > 0.058 AND mom(5) > 0.023)
4,3,17,0.5993235706340085,0.30620840449573367,47,ENTRY vol(10) < 0.12 | EXIT (mom(20) > 0.058 AND mom(5) > 0.023)
4,3,18,0.5993235706340085,0.28103764800776965,50,ENTRY vol(10) < 0.12 | EXIT (mom(20) > 0.058 AND mom(5) > 0.023)
4,3,19,0.5993235706340085,0.2019808361092437,49,ENTRY vol(10) < 0.12 | EXIT (mom(20) > 0.058 AND mom(5) > 0.023)
4,3,20,0.5993235706340085,0.30884698111142517,45,ENTRY vol(10) < 0.12 | EXIT (mom(20) > 0.058 AND mom(5) > 0.023)
4,3,21,0.5993235706340085,0.2781438511517152,49,ENTRY vol(10) < 0.12 | EXIT (mom(20) > 0.058 AND mom(5) > 0.023)
4,3,22,0.5993235706340085,0.3314237574925096,44,ENTRY vol(10) < 0.12 | EXIT (mom(20) > 0.058 AND mom(5) > 0.023)
4,3,23,0.5993235706340085,0.38190736493615773,37,ENTRY vol(10) < 0.12 | EXIT (mom(20) > 0.058 AND mom(5) > 0.023)
4,3,24,0.5993235706340085,0.1872369101880815,52,ENTRY vol(10) < 0.12 | EXIT (mom(20) > 0.058 AND mom(5) > 0.023)
4,4,0,0.5481943639140554,-0.37006425063192677,60,ENTRY (vol(20) < 0.16 OR vol(10) < 0.12) | EXIT (mom(20) > 0.058 AND mom(5) > 0.023)
4,4,1,0.5481943639140554,0.016810060024411138,59,ENTRY (vol(20) < 0.16 OR vol(10) < 0.12) | EXIT (mom(20) > 0.058 AND mom(5) > 0.023)
4,4,2,0.5481943639140554,0.16464252417553554,54,ENTRY (vol(20) < 0.16 OR vol(10) < 0.12) | EXIT (mom(20) > 0.058 AND mom(5) > 0.023)
4,4,3,0.5481943639140554,0.2791763603359293,53,ENTRY (vol(20) < 0.16 OR vol(10) < 0.12) | EXIT (mom(20) > 0.058 AND mom(5) > 0.023)
4,4,4,0.5481943639140554,0.28732800536611497,52,ENTRY (vol(20) < 0.16 OR vol(10) < 0.12) | EXIT (mom(20) > 0.058 AND mom(5) > 0.023)
4,4,5,0.5481943639140554,0.26116408374659117,51,ENTRY (vol(20) < 0.16 OR vol(10) < 0.12) | EXIT (mom(20) > 0.058 AND mom(5) > 0.023)
4,4,6,0.5481943639140554,0.24104514285866344,47,ENTRY (vol(20) < 0.16 OR vol(10) < 0.12) | EXIT (mom(20) > 0.058 AND mom(5) > 0.023)
4,4,7,0.5481943639140554,0.25019373561482705,50,ENTRY (vol(20) < 0.16 OR vol(10) < 0.12) | EXIT (mom(20) > 0.058 AND mom(5) > 0.023)
4,4,8,0.5481943639140554,0.2815760840003071,53,ENTRY (vol(20) < 0.16 OR vol(10) < 0.12) | EXIT (mom(20) > 0.058 AND mom(5) > 0.023)
4,4,9,0.5481943639140554,0.3613981549772753,54,ENTRY (vol(20) < 0.16 OR vol(10) < 0.12) | EXIT (mom(20) > 0.058 AND mom(5) > 0.023)
4,4,10,0.5481943639140554,0.2677526321131947,53,ENTRY (vol(20) < 0.16 OR vol(10) < 0.12) | EXIT (mom(20) > 0.058 AND mom(5) > 0.023)
4,4,11,0.5481943639140554,0.2664966659016859,55,ENTRY (vol(20) < 0.16 OR vol(10) < 0.12) | EXIT (mom(20) > 0.058 AND mom(5) > 0.023)
4,4,12,0.5481943639140554,0.2900136759889927,52,ENTRY (vol(20) < 0.16 OR vol(10) < 0.12) | EXIT (mom(20) > 0.058 AND mom(5) > 0.023)
4,4,13,0.5546185984142697,0.3448228542272738,52,ENTRY (vol(20) < 0.13 OR vol(10) < 0.12) | EXIT (mom(20) > 0.058 AND mom(5) > 0.023)
4,4,14,0.5546185984142697,0.19544742727357292,54,ENTRY (vol(20) < 0.13 OR vol(10) < 0.12) | EXIT (mom(20) > 0.058 AND mom(5) > 0.023)
4,4,15,0.5546185984142697,0.321254746579862,55,ENTRY (vol(20) < 0.13 OR vol(10) < 0.12) | EXIT (mom(20) > 0.058 AND mom(5) > 0.023)
4,4,16,0.5546185984142697,0.20409961722195208,54,ENTRY (vol(20) < 0.13 OR vol(10) < 0.12) | EXIT (mom(20) > 0.058 AND mom(5) > 0.023)
4,4,17,0.5546185984142697,0.3088184409184685,56,ENTRY (vol(20) < 0.13 OR vol(10) < 0.12) | EXIT (mom(20) > 0.058 AND mom(5) > 0.023)
4,4,18,0.5546185984142697,0.2702510902866865,54,ENTRY (vol(20) < 0.13 OR vol(10) < 0.12) | EXIT (mom(20) > 0.058 AND mom(5) > 0.023)
4,4,19,0.5546185984142697,0.24645105340654808,55,ENTRY (vol(20) < 0.13 OR vol(10) < 0.12) | EXIT (mom(20) > 0.058 AND mom(5) > 0.023)
4,4,20,0.5546185984142697,0.2619988791053254,58,ENTRY (vol(20) < 0.13 OR vol(10) < 0.12) | EXIT (mom(20) > 0.058 AND mom(5) > 0.023)
4,4,21,0.5546185984142697,0.3390071546323489,56,ENTRY (vol(20) < 0.13 OR vol(10) < 0.12) | EXIT (mom(20) > 0.058 AND mom(5) > 0.023)
4,4,22,0.5546185984142697,0.3100464405163398,55,ENTRY (vol(20) < 0.13 OR vol(10) < 0.12) | EXIT (mom(20) > 0.058 AND mom(5) > 0.023)
4,4,23,0.5546185984142697,0.4116889314558154,55,ENTRY (vol(20) < 0.13 OR vol(10) < 0.12) | EXIT (mom(20) > 0.058 AND mom(5) > 0.023)
4,4,24,0.5546185984142697,0.2791073314841834,53,ENTRY (vol(20) < 0.13 OR vol(10) < 0.12) | EXIT (mom(20) > 0.058 AND mom(5) > 0.023)
